epoch,raw_norm_A_minus_B_mean,raw_norm_A_minus_B_median,raw_norm_A_minus_B_std,raw_norm_A_minus_B_count,raw_norm_C_minus_D_mean,raw_norm_C_minus_D_median,raw_norm_C_minus_D_std,raw_norm_C_minus_D_count,raw_norm_interaction_mean,raw_norm_interaction_median,raw_norm_interaction_std,raw_norm_interaction_count,adaface_quality_A_minus_B_mean,adaface_quality_A_minus_B_median,adaface_quality_A_minus_B_std,adaface_quality_A_minus_B_count,adaface_quality_C_minus_D_mean,adaface_quality_C_minus_D_median,adaface_quality_C_minus_D_std,adaface_quality_C_minus_D_count,adaface_quality_interaction_mean,adaface_quality_interaction_median,adaface_quality_interaction_std,adaface_quality_interaction_count,p_assigned_A_minus_B_mean,p_assigned_A_minus_B_median,p_assigned_A_minus_B_std,p_assigned_A_minus_B_count,p_assigned_C_minus_D_mean,p_assigned_C_minus_D_median,p_assigned_C_minus_D_std,p_assigned_C_minus_D_count,p_assigned_interaction_mean,p_assigned_interaction_median,p_assigned_interaction_std,p_assigned_interaction_count,difficulty_A_minus_B_mean,difficulty_A_minus_B_median,difficulty_A_minus_B_std,difficulty_A_minus_B_count,difficulty_C_minus_D_mean,difficulty_C_minus_D_median,difficulty_C_minus_D_std,difficulty_C_minus_D_count,difficulty_interaction_mean,difficulty_interaction_median,difficulty_interaction_std,difficulty_interaction_count,per_sample_loss_A_minus_B_mean,per_sample_loss_A_minus_B_median,per_sample_loss_A_minus_B_std,per_sample_loss_A_minus_B_count,per_sample_loss_C_minus_D_mean,per_sample_loss_C_minus_D_median,per_sample_loss_C_minus_D_std,per_sample_loss_C_minus_D_count,per_sample_loss_interaction_mean,per_sample_loss_interaction_median,per_sample_loss_interaction_std,per_sample_loss_interaction_count,head_gradient_norm_A_minus_B_mean,head_gradient_norm_A_minus_B_median,head_gradient_norm_A_minus_B_std,head_gradient_norm_A_minus_B_count,head_gradient_norm_C_minus_D_mean,head_gradient_norm_C_minus_D_median,head_gradient_norm_C_minus_D_std,head_gradient_norm_C_minus_D_count,head_gradient_norm_interaction_mean,head_gradient_norm_interaction_median,head_gradient_norm_interaction_std,head_gradient_norm_interaction_count
1,0.3873378969675087,0.7174720764160156,5.328317938964039,2075,0.07441647541092104,0.07289695739746094,5.340748905595491,2075,-0.3129214215565877,-0.4438648223876953,7.616573438518231,2075,0.0015617229248304425,0.0028042420744896004,0.02626444361407824,2075,0.00022139410553747137,0.00020026043057439977,0.026013083782561727,2075,-0.0013403288192929711,-0.0017282655462623007,0.03793087341970008,2075,-5.275364284623856e-13,6.752743317701917e-18,7.653199890838918e-11,2075,9.591314779561967e-13,8.120735235127576e-18,2.253598204246319e-11,2075,1.4866679064185822e-12,5.89680494397292e-18,7.961931020755246e-11,2075,5.275308971446855e-13,0.0,7.653200067514121e-11,2075,-9.591288941114233e-13,0.0,2.25359846795996e-11,2075,-1.4866597912561087e-12,0.0,7.961931318890638e-11,2075,-0.10154690478221465,-0.135284423828125,4.651118992684703,2075,-0.08084193402026071,-0.15562820434569602,4.348633160158994,2075,0.02070497076195393,-0.03267288208007457,6.16966336166151,2075,0.25307162549122264,0.15106201171875,7.311561873374485,2075,0.04171523864010731,0.12191390991210938,7.085631449277957,2075,-0.21135638685111535,0.0,9.950574884867429,2075
2,1.2774949324274638,2.625917434692383,8.13486742049455,2075,0.4194728148127176,0.33811378479003906,7.098864430491507,2075,-0.8580221176147462,-2.0923137664794904,11.417758538507993,2075,0.006558034204233501,0.016037151217460688,0.0726460713952655,2075,-0.0047648374134000035,-0.005697727203369099,0.06477276574579967,2075,-0.011322871617633503,-0.021442841738462504,0.10344829405145232,2075,4.3318570208252196e-10,4.121090574100021e-16,8.499404719284019e-09,2075,-5.210634345770606e-13,-5.669456213769049e-17,1.990736948568462e-11,2075,-4.33706765517099e-10,-6.8223705459687665e-15,8.496849876122322e-09,2075,-4.3318570037591115e-10,-4.440892098500626e-16,8.499404719779886e-09,2075,5.210685965705059e-13,0.0,1.9907369947000463e-11,2075,4.3370676897248165e-10,6.772360450213455e-15,8.496849879237131e-09,2075,-0.49846125131630037,-0.5510101318359375,4.666862540474119,2075,0.23303356216614507,0.18958663940429688,3.728141507450455,2075,0.7314948134824454,0.9059467315673828,5.934000609767355,2075,1.2564944991146225,1.2592620849609375,5.9485070754158915,2075,0.258923672595656,0.122344970703125,5.525037271848943,2075,-0.9975708265189667,-1.1459121704101562,7.996627635051102,2075
3,2.007380200581378,4.2791595458984375,9.261292728173567,2075,0.5825517091406397,0.3518829345703125,7.656450893758715,2075,-1.4248284914407385,-3.189213752746582,12.45037346442122,2075,0.016797473174297268,0.04516508057713511,0.13557740740501306,2075,-0.0015782900482453602,-0.007463246583938599,0.11776187812104114,2075,-0.01837576322254263,-0.04125912487506869,0.18705361027645384,2075,1.3340103999071774e-06,2.2124119611016327e-14,5.566098906931528e-05,2075,3.536917562706136e-11,-2.0429672358121195e-16,3.5579598071013653e-09,2075,-1.3339750307315503e-06,-7.685993274063713e-14,5.565771210947514e-05,2075,-1.3340103999090033e-06,-2.19824158875781e-14,5.566098906931933e-05,2075,-3.536917757335424e-11,2.220446049250313e-16,3.557959805995894e-09,2075,1.33397503073143e-06,7.704947790898586e-14,5.565771210947939e-05,2075,-1.393315446233175,-1.329555511474613,5.177659521077509,2075,0.07269259073648114,0.07673835754394531,3.3122067043949888,2075,1.466008036969656,1.4851818084716832,6.106441529428003,2075,1.6968836037509412,1.71441650390625,5.266198810424612,2075,0.3397667868740589,0.4475898742675781,4.388140946033247,2075,-1.3571168168768823,-1.394744873046875,6.795511745296235,2075
4,1.9657479766478023,4.376874923706053,9.060379464020988,2075,0.7977183038642608,1.1123123168945295,9.1499947200947,2075,-1.1680296727835415,-2.797926902770996,12.009986439640695,2075,0.010544076495304555,0.0481745600700378,0.18903381102947098,2075,-0.00032373944152264524,0.000970721244811984,0.21034844713425588,2075,-0.0108678159368272,-0.03985624760389331,0.2750241709240989,2075,3.1718331415222905e-05,6.288968704087721e-13,0.0012006822379894086,2075,-3.578310489511695e-09,-3.317795251513928e-18,1.5627211164017124e-07,2075,-3.172190972571242e-05,-1.0907273280641276e-12,0.00120069007621585,2075,-3.171833141522206e-05,-6.289413434501512e-13,0.0012006822379894092,2075,3.5783104881312544e-09,0.0,1.562721116438418e-07,2075,3.1721909725710185e-05,1.0906830993917538e-12,0.001200690076215848,2075,-2.735689499062228,-2.6763534545898438,5.651788300938633,2075,0.027841805607439474,0.0035877227783203125,3.536311027951214,2075,2.7635313046696672,2.7944393157958984,6.463706865138272,2075,1.1278952145863728,1.1047897338867259,5.033296932437061,2075,0.3549824358469032,0.325794219970696,4.422799933252977,2075,-0.7729127787394697,-0.8205108642578196,6.781760693246571,2075
5,1.5248659832506295,3.7803401947021484,8.269449927293167,2075,0.6905184412577066,1.3039197921752912,9.114693923491558,2075,-0.8343475419929227,-1.9244670867919886,11.25221993985048,2075,0.019286622402541528,0.056676328182220403,0.21911720808071897,2075,0.0012315579090640494,0.0060800686478615085,0.2658327455034783,2075,-0.018055064493477477,-0.04527645092457533,0.33403430255662137,2075,0.000567279195654476,1.2619810661493944e-11,0.01345798774196378,2075,3.618356773450195e-09,1.44267943301597e-15,1.8067638387050053e-07,2075,-0.0005672755772977025,-1.3414207862094834e-11,0.013457987791632193,2075,-0.0005672791956544778,-1.2619572054006767e-11,0.013457987741963778,2075,-3.6183567768795373e-09,-1.5543122344752192e-15,1.8067638386938584e-07,2075,0.0005672755772977011,1.3414158672730991e-11,0.01345798779163219,2075,-4.210775791765696,-4.359107971191406,5.95604072028792,2075,-0.26909269677587294,-0.2891120910644531,3.700232168876171,2075,3.9416830949898225,4.092571258544922,6.720954741279922,2075,0.06737234782023596,0.18312454223632812,4.7931435917184135,2075,0.401894295933735,0.25482940673828125,4.430113215574666,2075,0.334521948113499,0.050014495849609375,6.546790430683448,2075
6,1.1800758890358798,3.3324241638183594,7.340020097437813,2075,0.541233397334455,0.8681373596191406,7.750719532428256,2075,-0.6388424917014248,-1.7709026336669922,9.617838925478791,2075,0.04365071239290812,0.0775189399719238,0.2520836176377634,2075,0.0018234957457332129,0.002489805221557617,0.2641767177039602,2075,-0.041827216647174904,-0.06664629559963953,0.3614171681588806,2075,0.001266104042482285,9.056328830966025e-11,0.025258869569099368,2075,8.674519668446935e-08,1.871410559956803e-15,3.137277266406682e-06,2075,-0.0012660172972856006,-9.004278269686709e-11,0.025257412567096512,2075,-0.0012661040424822886,-9.056322358702573e-11,0.02525886956909937,2075,-8.674519668318097e-08,-1.9984014443252818e-15,3.137277266407418e-06,2075,0.0012660172972856051,9.004275103308146e-11,0.025257412567096515,2075,-5.16287445349731,-5.203170776367191,6.1288405217123305,2075,-0.5178056886971715,-0.36399269104003906,4.137638792914594,2075,4.645068764800138,4.841804504394535,7.0215790512724245,2075,-0.6233012422165238,-0.4959449768066406,4.768241734965524,2075,0.5044014041395073,0.38944244384765625,4.361022909173819,2075,1.1277026463560311,0.8674373626709055,6.4057980223477164,2075
7,0.6200567282251565,1.8614940643310582,5.343571957634659,2075,0.5379075126188347,1.104827880859375,7.200456131257743,2075,-0.08214921560632175,-0.5817966461181676,7.779539213017881,2075,0.04301369986664124,0.06149110198020935,0.2438752871776353,2075,-0.003926252344867477,0.0025401115417480885,0.27257764559242104,2075,-0.04693995221150871,-0.0623031370341778,0.3508116109217819,2075,0.006081039248776052,9.532917788490634e-10,0.05903220101807662,2075,-2.4606081619451538e-05,1.66553663899895e-14,0.001128934495306696,2075,-0.006105645330395504,-8.899599430339279e-10,0.05903947281199858,2075,-0.006081039248776054,-9.53291889871366e-10,0.05903220101807663,2075,2.4606081619453127e-05,-1.6542323066914832e-14,0.0011289344953066959,2075,0.0061056453303955085,8.899597725431363e-10,0.05903947281199859,2075,-5.74595814092758,-5.909252166748043,6.138895089576684,2075,-0.8334881065552494,-0.7828750610351491,4.524716175510291,2075,4.912470034372331,5.07558441162109,7.342417893734392,2075,-1.1624171119210231,-1.0970802307128906,4.992807211938993,2075,0.43738629720297206,0.3551216125488281,4.324663360866906,2075,1.5998034091239952,1.5325355529785156,6.5115913534682495,2075
8,0.46898638300148837,1.7077407836914062,4.836028118041567,2075,0.5755563809498246,1.5716247558593786,5.596449730997113,2075,0.10656999794833626,0.2501735687255824,6.269221895700278,2075,0.06726356017479043,0.09520283341407769,0.27582285090180986,2075,0.014686892964911895,0.03778836131095881,0.23388753418375352,2075,-0.05257666720987854,-0.04451254976447669,0.33225276078715377,2075,0.010746051068081908,5.822068969941682e-09,0.0803225387191157,2075,-0.0001243527684569973,3.084396107933766e-14,0.005674799413124957,2075,-0.010870403836538907,-5.3430058924311755e-09,0.08064913690580268,2075,-0.01074605106808191,-5.822069049088441e-09,0.0803225387191157,2075,0.00012435276845699887,-3.0753177782116836e-14,0.005674799413124954,2075,0.01087040383653891,5.343005926583544e-09,0.08064913690580268,2075,-6.117754595116796,-6.263874053955075,6.228507242810487,2075,-1.0266167737202472,-0.9656066894531286,4.831440299960122,2075,5.091137821396549,5.028343200683594,7.397946262986997,2075,-1.5374726558090692,-1.2684059143066406,5.240593792133721,2075,0.501919753292957,0.40868377685546875,4.236947257510549,2075,2.0393924091020263,1.9396095275878906,6.6199974562690365,2075
9,0.23840756887412934,0.90826416015625,3.550041093007824,2075,0.5241052995245141,1.4432239532470703,5.068124997938554,2075,0.2856977306503847,0.5533943176269531,5.279218003499977,2075,0.04663598699872143,0.06129804253578189,0.25423376781132423,2075,0.028018587928613167,0.04524141550064087,0.22921097238521945,2075,-0.018617399070108263,-0.017434578388929506,0.3053756775387961,2075,0.017231287906845378,4.1265824254076893e-08,0.09979211638178942,2075,0.0005505134937386571,1.9500370827645058e-13,0.021624914510259694,2075,-0.01668077441310672,-3.778953932998034e-08,0.09732142332759708,2075,-0.017231287906845385,-4.126582398011891e-08,0.09979211638178943,2075,-0.0005505134937386584,-1.949551631241775e-13,0.021624914510259694,2075,0.01668077441310673,3.778953916455663e-08,0.09732142332759706,2075,-6.579535137544476,-6.411472320556641,6.1362647914929696,2075,-1.5202549953650997,-1.47216796875,5.142618769457263,2075,5.059280142179376,4.754894256591797,7.63775873494034,2075,-2.0028005654293013,-1.5471725463867188,5.466018396485752,2075,0.21766075906983343,0.20025253295898438,4.15801903363704,2075,2.2204613244991345,1.9713249206542969,6.766813277899101,2075
10,0.1507349000494164,0.543228149414059,2.791598740793011,2075,0.365484573180417,1.1398258209228516,4.176191751954001,2075,0.2147496731310006,0.6672935485839844,4.157439521786797,2075,0.06811541259548967,0.07746539264917371,0.2357349750449749,2075,0.028956510594987068,0.04408100247383118,0.2261757365435345,2075,-0.039158902000502614,-0.03733123466372501,0.25924269896455526,2075,0.024420013804918497,1.871488279903135e-07,0.1323799027315169,2075,0.0007595795703764137,1.6224534329966137e-12,0.03403087996442366,2075,-0.023660434234542085,-1.5226819372049508e-07,0.13125588313109166,2075,-0.024420013804918508,-1.871488279903133e-07,0.1323799027315169,2075,-0.000759579570376415,-1.6223689058847413e-12,0.03403087996442366,2075,0.02366043423454209,1.5226819405356196e-07,0.13125588313109166,2075,-6.3647943953692865,-6.25142097473144,6.21937302342712,2075,-2.1162683682359127,-2.3638935089111364,5.572433450641702,2075,4.248526027133374,4.279693603515627,7.767384250996106,2075,-2.135183245661747,-1.6013641357421875,6.001874815497962,2075,-0.0447556144070911,-0.059459686279296875,4.178302859168461,2075,2.0904276312546557,1.4408512115478445,6.946250859547572,2075
11,0.11289856416633327,0.41565513610839844,2.523851661906558,2075,0.20516911288341844,0.6614112854003871,3.1593070688289937,2075,0.09227054871708518,0.22033882141112926,3.295338547049776,2075,0.060495505371277916,0.0727996304631233,0.24173653736077538,2075,0.007284475611874315,0.019015893340110696,0.20961962810773277,2075,-0.053211029759403596,-0.0508764563128352,0.26635059823462254,2075,0.04450977607194445,1.2778517533589326e-06,0.16518555784002792,2075,0.0015801935796976169,9.401922960672001e-12,0.036450078823070456,2075,-0.042929582492246834,-1.160035656060565e-06,0.16685446408092588,2075,-0.044509776071944465,-1.277851753411774e-06,0.1651855578400279,2075,-0.0015801935796976214,-9.401923684038138e-12,0.03645007882307046,2075,0.04292958249224684,1.1600356562002645e-06,0.16685446408092588,2075,-6.875860128881724,-6.857765197753903,6.142140472963273,2075,-2.676412021968379,-2.6518821716308594,5.68189556505856,2075,4.199448106913345,4.231629371643068,7.8357642665697345,2075,-2.7224897538861597,-1.7573013305664062,6.616461767527901,2075,-0.4237202616484768,-0.42914581298828125,4.1405712852642385,2075,2.2987694922376827,1.7845191955566406,7.597522875625685,2075
12,0.07514632811029275,0.24415016174316406,2.2791370080674485,2075,0.15871497510427454,0.5756034851074219,3.0090560156533184,2075,0.0835686469939818,0.2337131500244105,3.0706923920234233,2075,0.05358513975894661,0.05525442771613599,0.24009364521330978,2075,0.03282149044374818,0.050622195005416926,0.24414256522270697,2075,-0.020763649315198432,-0.010614722967147883,0.28036460468629787,2075,0.0604915698064322,5.858201673092367e-06,0.20317494002379166,2075,0.0010208848809051697,2.3181602254104813e-11,0.04552864816053671,2075,-0.05947068492552703,-4.763245894323646e-06,0.20639376858411193,2075,-0.06049156980643221,-5.858201672981345e-06,0.20317494002379166,2075,-0.0010208848809051712,-2.318156777647573e-11,0.04552864816053671,2075,0.05947068492552704,4.763245894379153e-06,0.20639376858411193,2075,-7.115924028937245,-7.06931209564209,6.114378115754038,2075,-2.7832249661826762,-2.5994472503662145,5.740538697274911,2075,4.3326990627545685,4.2383828163146955,7.739858749858926,2075,-3.183076896730317,-1.9040355682373047,7.471363355302583,2075,-0.43725540822169867,-0.38543891906738637,4.204075080292985,2075,2.745821488508618,1.838943481445309,8.43893631102224,2075
13,0.059303698712084664,0.201177597045902,2.0767628114622663,2075,0.10774080207548951,0.37505531311035156,2.549249376669268,2075,0.04843710336340484,0.1545276641845703,2.6879201624018925,2075,0.06251590035103803,0.07056217268109319,0.23603338422724307,2075,0.0748445838722204,0.08451110124588011,0.23154407773380636,2075,0.012328683521182358,0.014193184673786108,0.28269967417179803,2075,0.08405366375879215,3.639065973171096e-05,0.2294347071545664,2075,0.002500457528088576,3.0680389565690414e-10,0.054576673806684316,2075,-0.08155320623070357,-3.1950945754033455e-05,0.23090442771831388,2075,-0.08405366375879215,-3.6390659731821984e-05,0.22943470715456638,2075,-0.002500457528088572,-3.0680402662852657e-10,0.054576673806684316,2075,0.08155320623070358,3.195094575392243e-05,0.23090442771831382,2075,-7.471650214890646,-7.294668674468996,6.0131948383543286,2075,-3.3728566028094145,-3.4513988494873047,5.694015533746272,2075,4.098793612081232,4.016934394836428,7.608044770894736,2075,-3.8519476478412664,-2.388988494873047,7.840142932992529,2075,-0.7418787144286088,-0.7162342071533203,4.195758469508971,2075,3.110068933412658,2.0000114440917933,8.66480095690269,2075
14,0.06009732349809388,0.2288055419921875,1.9631338281256288,2075,0.050978262568094616,0.21455955505370738,2.1783374739484835,2075,-0.00911906092999926,-0.020238876342773438,2.3199197617035923,2075,0.08665318695451721,0.0906642824411393,0.23112708346443714,2075,0.06239712628459485,0.06531287729740137,0.23902316860437234,2075,-0.024256060669922367,-0.032902777194976696,0.279154241580416,2075,0.102949364741532,0.0002787006099179115,0.2620987390686122,2075,0.004054357317594455,1.6361371438450634e-09,0.08256370660912886,2075,-0.09889500742393754,-0.00023127651326013,0.26687962411053495,2075,-0.10294936474153202,-0.0002787006099179701,0.26209873906861225,2075,-0.004054357317594459,-1.6361370036577227e-09,0.08256370660912886,2075,0.09889500742393754,0.00023127651325993703,0.26687962411053495,2075,-7.709335994756576,-7.31440281867981,6.062078460271171,2075,-3.6299579783461717,-3.715791702270508,5.892442714840944,2075,4.079378016410404,3.8415653705596924,7.686437662962203,2075,-4.284140474975827,-2.323202133178711,8.603324427524424,2075,-0.7955180910624653,-0.6022434234619141,4.580785639818008,2075,3.488622383913362,2.0553874969482475,9.630465430300678,2075
15,0.06124348330210493,0.15139198303222656,1.9154448312631356,2075,0.04268874110945739,0.15334320068359375,1.9590987105828168,2075,-0.018554742192647546,-0.019306182861331678,2.1561645021070976,2075,0.08510953801217366,0.07920676469802851,0.22978695709115696,2075,0.06191498853820876,0.06596004962921143,0.22777553676100318,2075,-0.023194549473964907,-0.020327568054199163,0.26713537141159793,2075,0.13096494933370803,0.0014474503712164563,0.29334078106919376,2075,0.013873833762359561,1.277022521062321e-08,0.09239610119657499,2075,-0.11709111557134848,-0.001050462769716784,0.29946916276537855,2075,-0.13096494933370806,-0.0014474503712167408,0.2933407810691937,2075,-0.013873833762359568,-1.2770225321645512e-08,0.092396101196575,2075,0.11709111557134849,0.0010504627697167646,0.29946916276537855,2075,-8.004090497954607,-7.754343509674072,6.136431677845271,2075,-4.279621769942635,-4.043789863586426,5.807170698377903,2075,3.7244687280119715,3.650590896606449,7.875421348305417,2075,-4.980574433819435,-2.758451461791992,9.255409342208015,2075,-1.1547667199445057,-0.7610435485839844,4.601772754204864,2075,3.82580771387493,2.419483184814453,10.080203494960195,2075
16,0.05364817469953058,0.13513565063476562,1.9519761740456125,2075,0.043318394120917335,0.12670516967773438,1.9743433513758866,2075,-0.01032978057861324,0.00662422180175426,2.248186665192199,2075,0.08444731582185669,0.0832584425806999,0.24542517476905965,2075,0.07138082806983505,0.08166420459747309,0.24417101166727942,2075,-0.013066487752021641,-0.011979304254054968,0.29536980333100243,2075,0.2051760756948042,0.012895267971430239,0.34239070914433006,2075,0.015845784521024735,9.466464234719751e-08,0.1067635123661566,2075,-0.18933029117377947,-0.009556262876230974,0.34955861550597855,2075,-0.20517607569480423,-0.012895267971430258,0.34239070914433,2075,-0.015845784521024742,-9.466464234719751e-08,0.1067635123661566,2075,0.18933029117377947,0.009556262876231014,0.34955861550597855,2075,-8.561099192103235,-8.198407888412477,6.309111005131868,2075,-4.601644173336316,-4.457649230957035,5.814896366527158,2075,3.9594550187669175,3.909242630004883,7.731725743818102,2075,-7.007939299696563,-4.2051544189453125,10.431529537236413,2075,-1.385097028806985,-1.056732177734375,4.890676561559629,2075,5.622842270889578,3.4283142089843786,11.328762941053087,2075
17,0.04331871354436304,0.10399055480957031,1.7951161822429191,2075,0.04667259583990265,0.13525009155273793,1.9322976376110643,2075,0.003353882295539616,-0.029420852661132812,2.1938263059112053,2075,0.09775739640489792,0.1079660428222268,0.2339900244546968,2075,0.08133701398701502,0.08614540845155699,0.24300076502470977,2075,-0.016420382417882903,-0.01812083274126053,0.2888528727227155,2075,0.28280943676802517,0.07553515517486172,0.37702270892513756,2075,0.024160143446868638,5.834702124748233e-07,0.15076717315560179,2075,-0.2586492933211565,-0.06175957096148811,0.3938899085136343,2075,-0.28280943676802517,-0.07553515517486187,0.37702270892513756,2075,-0.024160143446868645,-5.834702123674873e-07,0.15076717315560179,2075,0.25864929332115655,0.061759570961487986,0.3938899085136343,2075,-8.838010347593226,-8.526164650917053,6.352200753335871,2075,-5.027524697932763,-4.835783004760746,5.822537550372015,2075,3.8104856496604644,3.448383520357309,7.982857987211156,2075,-9.060663527486712,-5.8048248291015625,11.177100690166206,2075,-1.5614132234768336,-1.0038452148437536,5.714100500269753,2075,7.499250304009878,5.2782135009765625,12.306235120442471,2075
18,0.049118081517966414,0.06405830383301137,1.8131000078004285,2075,0.04304019652217273,0.13546371459960582,1.8697340070110382,2075,-0.006077884995793678,0.024663925170891332,2.163290881001733,2075,0.09218873912361648,0.0848875604569912,0.2410542028213017,2075,0.07757821292901153,0.08553145825862879,0.24278244983309247,2075,-0.014610526194604952,-0.012948586605489198,0.29658378619848497,2075,0.39383125322963886,0.28527992963790894,0.39525204357649946,2075,0.035422443790922735,4.032906312900764e-06,0.17398191356108,2075,-0.3584088094387161,-0.24500810366362208,0.41587239358614103,2075,-0.39383125322963886,-0.2852799296379089,0.39525204357649935,2075,-0.03542244379092275,-4.032906313011786e-06,0.17398191356108,2075,0.3584088094387161,0.24500810366362202,0.4158723935861411,2075,-9.013620967688377,-8.386324317660183,6.607480236684367,2075,-5.267849068512946,-5.024391174316406,5.804927549655824,2075,3.74577189917543,3.2222776412963885,7.817219738968932,2075,-11.899641677742713,-9.896814346313477,11.640182429831269,2075,-1.730552772890148,-1.0537395477294922,6.093379705747449,2075,10.169088904852565,8.497726023197178,12.740393773413691,2075
19,0.04485220254185692,0.05624198913574219,1.8021404969117167,2075,0.03202639292521647,0.08789825439453125,1.8142586877901994,2075,-0.012825809616640458,0.023403167724609375,2.149553399007549,2075,0.10737894444780166,0.10439481213688839,0.24941656737797974,2075,0.08394909447101288,0.0854207649827004,0.24512674922214547,2075,-0.023429849976788777,-0.02151606790721433,0.3023711752912313,2075,0.5142910897429365,0.569009399128845,0.4107899200527843,2075,0.06010127717032423,3.964410370826954e-05,0.20604886269721065,2075,-0.4541898125726122,-0.48373348890163476,0.45730822319935815,2075,-0.5142910897429366,-0.5690093991288451,0.4107899200527844,2075,-0.06010127717032424,-3.964410370826954e-05,0.20604886269721068,2075,0.4541898125726122,0.48373348890163465,0.45730822319935815,2075,-8.657837805411503,-7.803130865097046,6.604412002726163,2075,-5.875960573838429,-5.583106994628908,5.768942269161747,2075,2.7818772315730746,2.424708843231203,7.895642944780039,2075,-14.95888804792645,-16.252405166625977,11.871437535712117,2075,-2.6950154579543026,-1.7222976684570312,6.722453174049301,2075,12.263872589972147,13.367456436157223,13.549857850342988,2075
20,0.030846076873411628,0.1362285614013672,1.7531067798868039,2075,0.03879347651837825,0.08000564575195668,1.743389035285191,2075,0.007947399644966616,0.037340164184573865,2.1809586072225517,2075,0.10550173682527453,0.10854256339371199,0.2527546501003571,2075,0.0934160182128607,0.0904047940857709,0.2364230342433057,2075,-0.012085718612413827,-0.009056556969881058,0.31198287891674603,2075,0.6470640753950002,0.837592630647123,0.3882597347527534,2075,0.09784601990001068,0.0006856454777732448,0.24839776999787636,2075,-0.5492180554949895,-0.7213973651412253,0.4727937725750374,2075,-0.6470640753950002,-0.8375926306471227,0.38825973475275344,2075,-0.0978460199000107,-0.0006856454777731669,0.24839776999787636,2075,0.5492180554949895,0.7213973651412253,0.4727937725750375,2075,-7.836976840480705,-6.9089531898498535,6.47458911035975,2075,-6.7577128299828,-6.622535705566406,5.826602084275391,2075,1.0792640104979045,0.5599713679403067,7.574236570707522,2075,-18.29504622255055,-22.191120624542236,11.210964417569807,2075,-3.77603278779133,-2.153351988643408,7.783366317352758,2075,14.519013434759222,17.542320489883423,13.915540480520983,2075
21,0.021792715601174288,0.09011650085449219,1.6907995332827748,2075,0.03586430698992252,0.04043769836425781,1.699865920537669,2075,0.014071591388748231,-0.030166625976569605,2.0920935175709143,2075,0.11032308269777413,0.11341075599193579,0.24845426769482587,2075,0.10100799364022382,0.09576115012168884,0.2390492334741615,2075,-0.009315089057550307,-0.013643596321344209,0.3085503962789501,2075,0.6246064285529235,0.8078174591064452,0.3995194088462254,2075,0.2645613948168085,0.0542699193549367,0.37419111758229046,2075,-0.3600450337361149,-0.4108869694173339,0.543569712448582,2075,-0.6246064285529235,-0.8078174591064454,0.39951940884622533,2075,-0.2645613948168085,-0.054269919354936635,0.37419111758229046,2075,0.3600450337361149,0.41088696941733355,0.543569712448582,2075,-4.698926590063716,-3.011090934276581,5.06490040536097,2075,-6.546388689287337,-5.919785499572754,5.724683315133821,2075,-1.847462099223621,-1.5351188126951456,6.365564521950235,2075,-16.905757352962635,-20.626067459583282,11.358386189732865,2075,-7.96534706310571,-5.138105392456055,10.612343323128698,2075,8.94041028985692,9.956768989562992,15.383953831597054,2075
22,0.01859406206981239,0.03767204284668324,1.6329959537424026,2075,0.03895111727427289,0.12235069274902344,1.6842860161761153,2075,0.020357055204460496,-0.0030040740966796875,2.09534712340713,2075,0.10548338508689271,0.10566377267241481,0.24207209825580786,2075,0.10488769954704422,0.1064853314310312,0.23961100705975702,2075,-0.0005956855398484953,-0.004077106714248713,0.3116136700728729,2075,0.5817574101309437,0.7378026694059372,0.40673208527012095,2075,0.3449608514965857,0.20755314826965332,0.3881625415929154,2075,-0.23679655863435806,-0.19226868374425976,0.5504548672226066,2075,-0.5817574101309437,-0.7378026694059373,0.4067320852701209,2075,-0.3449608514965857,-0.20755314826965332,0.3881625415929154,2075,0.23679655863435806,0.19226868374425976,0.5504548672226066,2075,-3.819327842121633,-2.0041086677119897,4.640735709149649,2075,-6.640420146952435,-5.89335823059082,5.5734578794875125,2075,-2.8210923048308016,-2.1500525362789613,5.994405882160522,2075,-15.567254471014559,-18.30399375781417,11.384095049132506,2075,-10.126388770910772,-7.78103065490723,10.566652173854365,2075,5.440865700103786,4.697408244013786,15.014416541823413,2075
23,0.018084827101374327,0.029134750366210938,1.6173689980247157,2075,0.039819219658173775,0.09472084045410156,1.658691413993238,2075,0.02173439255679944,-0.02177810668946023,2.0544119797131986,2075,0.10516634481571578,0.10568080842494959,0.24179599180599945,2075,0.10788753216192744,0.10891143232584,0.23767879670452008,2075,0.002721187346211652,0.0011463165283203125,0.3096170744224363,2075,0.5650074817965176,0.7003740221261978,0.4082834432933155,2075,0.3890619916232824,0.30035728216171276,0.3924679567713149,2075,-0.17594549017323521,-0.13053948059678067,0.5565280671655295,2075,-0.5650074817965176,-0.7003740221261978,0.40828344329331545,2075,-0.3890619916232824,-0.3003572821617127,0.3924679567713149,2075,0.17594549017323521,0.13053948059678067,0.5565280671655294,2075,-3.263577887941743,-1.6180611522868276,4.101702727414503,2075,-6.445001916188336,-5.687696989625692,5.4837308859316,2075,-3.1814240282465938,-2.3597307262825775,5.699645506318407,2075,-14.991589061080974,-17.895159274339676,11.237469721690081,2075,-11.2602883046489,-9.265845715999603,10.566689651938594,2075,3.7313007564320744,3.042078722268336,14.936052551554388,2075
24,0.01367561891854529,0.029817581176757812,1.6199779533745584,2075,0.036913433764354235,0.11553192138671875,1.6301247569553412,2075,0.023237814845808946,0.009336471557617188,2.0239384957088,2075,0.10515400505236192,0.10353091359138489,0.24370756507519414,2075,0.11018313773512015,0.113409043289721,0.23705813434996728,2075,0.005029132682758216,-0.0009902007877827246,0.30690297282368284,2075,0.5251391011041351,0.5979323089122774,0.41196907756378726,2075,0.4320359721500591,0.37865668535232544,0.39596349673730996,2075,-0.09310312895407596,-0.05616282613547828,0.5458830871300911,2075,-0.5251391011041351,-0.5979323089122772,0.41196907756378726,2075,-0.4320359721500592,-0.37865668535232544,0.39596349673730996,2075,0.09310312895407595,0.056162826135478044,0.5458830871300911,2075,-2.7890435606752386,-1.137622615788132,3.7474453254632074,2075,-6.251427948897004,-5.203344655223191,5.552270012198115,2075,-3.462384388221766,-2.4365312074878602,5.535537782274972,2075,-13.753728287301959,-15.090988293290138,11.174769833604579,2075,-12.313035628263915,-11.479114532470703,10.590204581674325,2075,1.4406926590380449,1.1133372150361538,14.392333055151415,2075
25,0.010944748384406821,0.009759902954101562,1.6343543351987169,2075,0.03849453156252942,0.09370613098144887,1.6328023954153694,2075,0.02754978317812259,0.0268096923828125,2.0600728005167603,2075,0.10294168208304622,0.1061558574438095,0.24804935376218334,2075,0.11190775207146111,0.11613416066393259,0.23807240348939668,2075,0.008966069988414899,0.009471800178289497,0.31426358766404433,2075,0.49728105634699665,0.5255828499794006,0.4057907426614422,2075,0.448744304285272,0.4414636194705963,0.3948843832261503,2075,-0.04853675206172462,-0.022381168495459416,0.5416916338623786,2075,-0.49728105634699665,-0.5255828499794006,0.4057907426614422,2075,-0.448744304285272,-0.4414636194705963,0.3948843832261503,2075,0.048536752061724614,0.02238116849545954,0.5416916338623787,2075,-2.444494798364402,-0.8890115506947042,3.4428699963108187,2075,-6.015348285712175,-5.009562917985022,5.424836624004104,2075,-3.5708534873477733,-2.4993769116699696,5.481754705054546,2075,-12.929980328232302,-12.853161070961505,10.891123868294953,2075,-12.701484520972548,-12.671536786016079,10.62599896457486,2075,0.22849580725975382,0.09171829442493609,14.429404782495702,2075
26,0.012238278216626243,0.05432701110839844,1.615840893427222,2075,0.03967437927981461,0.08318519592285156,1.6146412801671768,2075,0.02743610106318837,0.07279777526855469,2.0501647343415375,2075,0.10240886560448285,0.10636454820632937,0.24665789653116918,2075,0.11288947060516284,0.11495742201805109,0.23491114764424298,2075,0.01048060500067999,0.011464681010693284,0.3119165949873603,2075,0.48094327369892775,0.4884098172187805,0.39984061182579056,2075,0.4842926746911632,0.5252223419956863,0.38733400975381627,2075,0.0033494009922355092,-0.004264132643584051,0.521225254294815,2075,-0.48094327369892775,-0.4884098172187805,0.39984061182579056,2075,-0.4842926746911632,-0.5252223419956863,0.38733400975381627,2075,-0.003349400992235515,0.004264132643584162,0.5212252542948149,2075,-2.140758546548709,-0.7210390070686118,3.134212842672253,2075,-5.7765451036840085,-4.783236861228943,5.4290984371668305,2075,-3.6357865571353,-2.4186691294889897,5.443766236682596,2075,-12.508892601889206,-11.923815727233887,10.81689901490398,2075,-13.495597008764674,-14.165586471557615,10.385112095794002,2075,-0.9867044068754677,-0.5067746895365417,13.787738558053267,2075
27,0.00838249849985884,-0.014064788818359375,1.5967794938740763,2075,0.03379489117358106,0.09212875366210582,1.6018727098749852,2075,0.025412392673722212,0.0011749267578053946,2.034116551616398,2075,0.09996707993684457,0.0955198202282191,0.24487503164687288,2075,0.11219051463434793,0.11324816942214966,0.2360963767075918,2075,0.012223434697503349,0.010082274675369318,0.3125268396345595,2075,0.4365087101372425,0.348408341407776,0.39486450446577903,2075,0.488064885203702,0.5328493991401048,0.38305373408942,2075,0.05155617506645949,0.028233230113983043,0.4986785573914035,2075,-0.4365087101372425,-0.3484083414077759,0.3948645044657791,2075,-0.488064885203702,-0.5328493991401047,0.38305373408942,2075,-0.0515561750664595,-0.0282332301139831,0.49867855739140354,2075,-1.8090981710901202,-0.4711066433228553,2.842244928527165,2075,-5.467440038723721,-4.334776557981968,5.257778622048711,2075,-3.6583418676336006,-2.4637718070007395,5.199119069339679,2075,-11.271030254271382,-8.656779509154148,10.586647618779116,2075,-13.44543904795158,-13.905672073364258,10.20069930329177,2075,-2.1744087936801986,-1.5285615473985672,13.189232524441465,2075
28,0.006226462398666952,0.00684547424316051,1.6038248345167718,2075,0.033307948284838594,0.037189483642578125,1.5844373783941699,2075,0.02708148588617164,0.06670570373535156,2.0674421664577376,2075,0.09907456895816459,0.09688073396682739,0.24666153730494358,2075,0.11542776292319346,0.1170695424079895,0.23703144435683157,2075,0.01635319396502886,0.01825687382370228,0.3191157511946318,2075,0.4177157347736268,0.3180524706840515,0.38489154128892006,2075,0.5132943235792286,0.5882415175437927,0.3865140529328737,2075,0.09557858880560176,0.06438187478488522,0.5012325882090963,2075,-0.4177157347736268,-0.31805247068405146,0.3848915412889201,2075,-0.5132943235792286,-0.5882415175437927,0.3865140529328738,2075,-0.09557858880560176,-0.06438187478488544,0.5012325882090962,2075,-1.6059746255535694,-0.41150866176758427,2.648529515388078,2075,-5.135379223208946,-3.878897907139617,5.097188032016777,2075,-3.5294045976553767,-2.2598333049099897,5.05328218433802,2075,-10.762604477507082,-7.967123210430145,10.262558337051718,2075,-14.046580622697133,-15.591169718652962,10.227406609473828,2075,-3.2839761451900524,-2.8218637242680416,13.094458040646625,2075
29,0.008578389638877726,0.032581329345703125,1.5467529388932204,2075,0.03204589981630629,0.06621742248534801,1.5704240513097845,2075,0.02346751017742856,-9.5367431640625e-05,2.012322755516508,2075,0.10195266458965382,0.10277795791625971,0.23892416437776545,2075,0.11620317393347393,0.1142805702984333,0.23578648664080953,2075,0.01425050934382009,0.006097763776779175,0.31213637757352986,2075,0.37963544312459524,0.2498135566711427,0.3796807068035152,2075,0.525760783496612,0.6045507490634918,0.3857898287590074,2075,0.14612534037201674,0.10624541879769822,0.49720051165326085,2075,-0.3796354431245953,-0.2498135566711426,0.3796807068035152,2075,-0.525760783496612,-0.6045507490634918,0.38578982875900747,2075,-0.14612534037201672,-0.10624541879769828,0.49720051165326085,2075,-1.3578787887653867,-0.29628034308552736,2.338920756781109,2075,-4.789075521510433,-3.5071931025013328,4.9048412847591445,2075,-3.4311967327450463,-2.1732269739732146,4.864597351402553,2075,-9.69077049588139,-6.066197907552123,10.019525097256215,2075,-14.308981243847107,-15.788359642028809,10.320412434696607,2075,-4.618210747965717,-3.9867256879806554,13.153061731530197,2075
30,0.008454763113734156,-0.027194976806640625,1.5950986134933882,2075,0.03302895741290369,0.0727386474609375,1.5841641678043505,2075,0.024574194299169537,0.08846473693847301,2.033880430978694,2075,0.09918894301670048,0.0952584613114596,0.2458045618944039,2075,0.1148376274793528,0.1172774508595465,0.23677053384201013,2075,0.015648684462652322,0.020351544022560092,0.31499198044172555,2075,0.3498692294566162,0.21301758289337147,0.36547626533315414,2075,0.5341844562491441,0.6289231777191162,0.3838869600833708,2075,0.18431522679252793,0.14911715193011343,0.4753403120876449,2075,-0.3498692294566162,-0.21301758289337158,0.3654762653331542,2075,-0.5341844562491442,-0.6289231777191162,0.38388696008337075,2075,-0.18431522679252793,-0.14911715193011338,0.475340312087645,2075,-1.1414232185921804,-0.24302306026220333,2.094583271325626,2075,-4.3949259287513565,-2.9361543655395517,4.719925628593309,2075,-3.2535027101591756,-1.9476232528686523,4.665460701939525,2075,-8.92802884659431,-5.285380365327001,9.644486863202856,2075,-14.378079383702715,-16.154996871948242,10.34339871933481,2075,-5.450050537108405,-4.72535943984985,12.725609456169963,2075
31,0.005159175367240473,0.020000457763671875,1.5541126205038498,2075,0.032459031070571354,0.07824516296386719,1.576690699585152,2075,0.02729985570333088,0.07850646972655895,2.0089233369563644,2075,0.098214598137602,0.10154005140066141,0.23923119323817313,2075,0.11741775755814159,0.11837299168109888,0.23632894835953222,2075,0.019203159420539594,0.025051325559616033,0.3105625283570055,2075,0.3019615212794663,0.14480710029602062,0.34950916406200755,2075,0.5096389648642178,0.5793099999427795,0.387297061120917,2075,0.2076774435847515,0.18274103105068218,0.46840551640951383,2075,-0.3019615212794663,-0.1448071002960205,0.34950916406200755,2075,-0.5096389648642178,-0.5793099999427795,0.387297061120917,2075,-0.2076774435847515,-0.18274103105068207,0.4684055164095138,2075,-0.8926413779713605,-0.159311093389988,1.7421007400909525,2075,-3.7590778803814193,-2.235706567764283,4.442934413839814,2075,-2.8664365024100587,-1.3195061047154013,4.410675462827056,2075,-7.661549757911716,-3.4639217853546143,9.133636339376574,2075,-13.724996244151283,-15.005849719047546,10.366612785629373,2075,-6.063446486239567,-5.1645824909210205,12.389380556379148,2075
32,0.006861961548586899,-0.007795333862301135,1.573761720057121,2075,0.032090625073536334,0.08336639404296875,1.5970901021691088,2075,0.025228663524949433,0.03755378723144176,2.0049089922644074,2075,0.0984646763259052,0.09275813400745389,0.24140226253838226,2075,0.11576565549666124,0.11711026728153232,0.23934339537914404,2075,0.017300979170756025,0.019280377775430735,0.309799661071649,2075,0.3090148792895904,0.13491010665893555,0.35004124211780036,2075,0.5079210190702549,0.5701912082731725,0.3881940695387254,2075,0.19890613978066446,0.1436293721199038,0.4633002493944626,2075,-0.3090148792895904,-0.1349101066589356,0.35004124211780036,2075,-0.5079210190702549,-0.5701912082731724,0.38819406953872543,2075,-0.1989061397806645,-0.1436293721199035,0.4633002493944627,2075,-0.9154435422545223,-0.14682532547158197,1.7565002700154362,2075,-3.667013771307375,-2.172090455889702,4.286323001838577,2075,-2.7515702290528528,-1.2701151619003213,4.210235037895825,2075,-7.828403924236878,-3.3550658391322945,9.085610129035256,2075,-13.525534674849133,-14.553891152143478,10.364984637778415,2075,-5.697130750612256,-4.5528742074966395,12.191592482645076,2075
33,0.006653322426669529,0.026073455810550428,1.5579421271283354,2075,0.026842089733445377,0.07387542724609375,1.6062861887126696,2075,0.020188767306775848,0.03525352478027344,2.012554103060393,2075,0.10099565786882675,0.1048441603779793,0.24120127972214625,2075,0.11353163476695352,0.11819079518318171,0.24266616615481937,2075,0.012535976898126761,0.005303323268890187,0.31204571117034585,2075,0.29930512340695603,0.1397385001182555,0.34383113213205246,2075,0.5107878499818576,0.5753573477268219,0.38092349221049215,2075,0.21148272657490155,0.15707039833068875,0.4575524475527525,2075,-0.29930512340695603,-0.1397385001182556,0.34383113213205246,2075,-0.5107878499818576,-0.5753573477268219,0.38092349221049215,2075,-0.21148272657490155,-0.15707039833068848,0.4575524475527525,2075,-0.867528082699929,-0.1523758181137964,1.6874512241846813,2075,-3.602298469095725,-2.055082991719246,4.338530924023888,2075,-2.7347703863957964,-1.2632270060712472,4.274141099317573,2075,-7.554048903716141,-3.3529174961149697,8.909383204522594,2075,-13.655877505945973,-14.730868339538572,10.176410518566039,2075,-6.1018286022298325,-4.754827256198041,12.02952332127568,2075
34,0.006857013472591517,0.034296035766605115,1.609592833884983,2075,0.02853500550051769,0.0678558349609375,1.5739836772015117,2075,0.021677992027926172,0.05029296875,2.031888421312538,2075,0.10022832613113317,0.102548848837614,0.2495323626885872,2075,0.11495990146823068,0.1192700527608393,0.23738372474966407,2075,0.014731575337097515,0.015013644238934015,0.31607826608337986,2075,0.29321581967325105,0.14029186964035045,0.34355757102936263,2075,0.5090381607945444,0.5689438879489899,0.38440849817123457,2075,0.21582234112129345,0.18913564831018448,0.4675577130046078,2075,-0.29321581967325105,-0.1402918696403504,0.3435575710293626,2075,-0.5090381607945444,-0.56894388794899,0.38440849817123457,2075,-0.21582234112129345,-0.1891356483101846,0.4675577130046078,2075,-0.8872344002885804,-0.153623067541048,1.7526699034164246,2075,-3.5132646263880973,-1.8509736061096196,4.255830715372086,2075,-2.626030226099517,-1.1758366052818021,4.200121554962409,2075,-7.433657613287383,-3.3744888603687277,8.977208151031542,2075,-13.5251298067836,-14.476441144943237,10.276794900937942,2075,-6.091472193496218,-5.560836049029604,12.39264239656623,2075
35,0.005885809013642588,-0.008085250854492188,1.5596653404931566,2075,0.029814633748617477,0.12780761718749645,1.5954512330361426,2075,0.023928824734974888,0.06541061401367188,1.9950474319723475,2075,0.10022978030465661,0.09819620847702021,0.24252325576220768,2075,0.11573097722664216,0.12070791423320779,0.24094027916711833,2075,0.015501196921985566,0.01420472562313066,0.3115934581212727,2075,0.3077876689031535,0.14795100688934337,0.34875841001967056,2075,0.5047177633381762,0.5550676714628935,0.38615490800330443,2075,0.19693009443502268,0.16628241539001465,0.4670063994365558,2075,-0.3077876689031535,-0.14795100688934318,0.3487584100196705,2075,-0.5047177633381762,-0.5550676714628936,0.38615490800330454,2075,-0.19693009443502268,-0.1662824153900147,0.4670063994365558,2075,-0.8898894824312725,-0.16422226652503008,1.7016223550115661,2075,-3.5670965899206895,-2.158442388739786,4.216952670719411,2075,-2.677207107489417,-1.37067227717489,4.1610521479419305,2075,-7.771680304608038,-3.581836126744747,9.04337308511359,2075,-13.422269306117066,-14.585762977600098,10.268995648404578,2075,-5.650589001509027,-4.770211501047015,12.359579537945516,2075
36,0.007843257490410958,0.024059295654296875,1.5689737003174407,2075,0.032367746284209076,0.06666946411132457,1.5934370806148697,2075,0.024524488793798118,0.017963409423828125,2.0016946389312094,2075,0.1012758322241113,0.10702642798423767,0.24222799210785695,2075,0.11759403237826223,0.12078240513801569,0.23914617308500744,2075,0.016318200154150926,0.016607133671641232,0.31138928122894843,2075,0.2920025745701591,0.12962311506271362,0.34749448427751883,2075,0.4980561247457791,0.5509691312909126,0.383231043287937,2075,0.20605355017562,0.15597221228290448,0.45507221137922554,2075,-0.2920025745701591,-0.1296231150627136,0.34749448427751883,2075,-0.4980561247457791,-0.5509691312909126,0.383231043287937,2075,-0.20605355017562002,-0.15597221228290437,0.4550722113792256,2075,-0.8423264086018676,-0.1424163433839567,1.6480431472161259,2075,-3.3812190761186227,-1.8727860040962694,4.135778641088982,2075,-2.5388926675167554,-1.1204413509403826,4.054170904388185,2075,-7.339890631728192,-3.097539715934545,8.9742443765928,2075,-13.223080933699539,-13.8930811882019,10.312863498241168,2075,-5.883190301971347,-4.738106161355972,12.068919273262516,2075
37,0.005368807689253118,0.010025024414066053,1.5777602741847665,2075,0.030794670840343784,0.05817222595215199,1.5944428761951537,2075,0.025425863151090664,0.04088973999023793,2.018723642326753,2075,0.10013558892145366,0.09841191768646249,0.2440319502529592,2075,0.1162435226077326,0.1201860308647156,0.2406014125706952,2075,0.01610793368627895,0.019116573967039613,0.31245432131632606,2075,0.301914015222185,0.15304672718048096,0.343139219997822,2075,0.5052922481954247,0.5444215536117555,0.3774773340838307,2075,0.20337823297323976,0.1564777409657837,0.45890788166463126,2075,-0.301914015222185,-0.15304672718048098,0.343139219997822,2075,-0.5052922481954247,-0.5444215536117554,0.3774773340838308,2075,-0.20337823297323976,-0.1564777409657837,0.4589078816646313,2075,-0.8364445779980868,-0.16853225172963,1.5872873920644917,2075,-3.513947054280904,-2.098889648914337,4.205989992451597,2075,-2.6775024762828172,-1.247408387636824,4.118860062317719,2075,-7.620378165257246,-3.5833603851497173,8.919502249003399,2075,-13.403590359064673,-14.002143859863278,10.147007372238615,2075,-5.783212193807428,-4.543217837810515,12.126127713457842,2075
38,0.00555973650461232,0.04171562194824219,1.597203316613003,2075,0.026524702324924595,0.05727767944336293,1.552415320977369,2075,0.02096496582031228,0.027038574218746447,2.010155379918826,2075,0.1009183957880708,0.10481113195419306,0.24922957553846536,2075,0.11504656299664667,0.11120045185089111,0.2347817016413923,2075,0.01412816720857588,0.01334261149168016,0.3129019977292962,2075,0.2909603620894644,0.12597012519836426,0.3471116272497344,2075,0.48808537073703645,0.5238303542137148,0.389183163580579,2075,0.19712500864757204,0.14804922155963132,0.47142663062114865,2075,-0.2909603620894644,-0.1259701251983642,0.3471116272497343,2075,-0.48808537073703645,-0.5238303542137147,0.3891831635805789,2075,-0.19712500864757204,-0.1480492215596314,0.4714266306211487,2075,-0.8419921939621692,-0.1372263619559817,1.640396419172057,2075,-3.3929667589831753,-1.8638575971126556,4.14986363969058,2075,-2.5509745650210065,-1.104120512958616,4.106539844060752,2075,-7.312290428716983,-2.937871892005205,8.967883651478266,2075,-13.00085415441491,-13.627583295106888,10.368846523693962,2075,-5.688563725697928,-4.610203247517347,12.405889087869733,2075
39,0.004626142203089691,0.0037651062011683223,1.6038994674577196,2075,0.030352382889713144,0.091217041015625,1.5924033258548123,2075,0.025726240686623453,0.044631958007805395,2.031465397103347,2075,0.09990966383455088,0.10038535296916967,0.24858489199075656,2075,0.11615389824960698,0.1239580661058426,0.23861076191872096,2075,0.0162442344150561,0.017969205975532532,0.314014466034798,2075,0.2925804921806771,0.14041072130203258,0.3375219078315897,2075,0.499529557961172,0.5713840618900576,0.38572945439664036,2075,0.20694906578049496,0.18466827273368835,0.4632277700795744,2075,-0.2925804921806771,-0.1404107213020324,0.3375219078315897,2075,-0.4995295579611721,-0.5713840618900579,0.3857294543966404,2075,-0.20694906578049496,-0.18466827273368847,0.4632277700795743,2075,-0.839260724326644,-0.15418723240327373,1.674524842632897,2075,-3.399939176276624,-1.793807148933411,4.163858510155028,2075,-2.56067845194998,-1.12469698372297,4.104233317388271,2075,-7.393654891068334,-3.350263894768432,8.811984006849968,2075,-13.281593088962346,-14.393864393234253,10.346767838338389,2075,-5.887938197894011,-5.453347980976105,12.290249337384841,2075
40,0.004246159748858762,0.04243659973144531,1.6225608885231229,2075,0.028814037736639868,0.11723709106445312,1.575205773834879,2075,0.02456787798778111,0.028881072998043322,2.071118090133919,2075,0.09804487436443865,0.10194997489452362,0.2507327174375399,2075,0.11795932217853855,0.12317144870758062,0.238204925514045,2075,0.019914447814099914,0.01558236777782429,0.3207852868808727,2075,0.2839328632259904,0.1271805763244629,0.34121292013760957,2075,0.49151133712414324,0.5333680808544159,0.38480644925574364,2075,0.20757847389815287,0.15979162510484468,0.4628019719699136,2075,-0.2839328632259904,-0.1271805763244629,0.34121292013760957,2075,-0.49151133712414324,-0.5333680808544159,0.3848064492557437,2075,-0.2075784738981529,-0.1597916251048448,0.4628019719699136,2075,-0.8029321536862424,-0.13845722686528458,1.6123731135579946,2075,-3.306000100240794,-1.7296800613403316,4.103781052103741,2075,-2.503067946554552,-1.0367197145533282,4.061325298508941,2075,-7.106995956954456,-3.0357882659882307,8.72786570704092,2075,-13.030025844061818,-13.852914810180662,10.272440187403861,2075,-5.9230298871073614,-4.616433188319206,12.183192667016659,2075
