image_id,record_index,casia_identity,class_index,assigned_class_index,noise_status,noise_seed
243,244,1,0,78,noisy,42
21,22,1,0,0,clean,42
94,95,1,0,0,clean,42
221,222,1,0,0,clean,42
132,133,1,0,0,clean,42
200,201,1,0,0,clean,42
257,258,1,0,0,clean,42
182,183,1,0,0,clean,42
24,25,1,0,24,noisy,42
45,46,1,0,0,clean,42
195,196,1,0,0,clean,42
237,238,1,0,75,noisy,42
245,246,1,0,0,clean,42
232,233,1,0,0,clean,42
151,152,1,0,0,clean,42
83,84,1,0,0,clean,42
214,215,1,0,73,noisy,42
30,31,1,0,0,clean,42
111,112,1,0,0,clean,42
39,40,1,0,0,clean,42
250,251,1,0,0,clean,42
34,35,1,0,0,clean,42
135,136,1,0,0,clean,42
167,168,1,0,69,noisy,42
48,49,1,0,0,clean,42
293,294,2,1,1,clean,42
271,272,2,1,1,clean,42
318,319,2,1,1,clean,42
275,276,2,1,1,clean,42
324,325,2,1,1,clean,42
289,290,2,1,34,noisy,42
281,282,2,1,1,clean,42
304,305,2,1,59,noisy,42
315,316,2,1,1,clean,42
283,284,2,1,1,clean,42
302,303,2,1,29,noisy,42
280,281,2,1,1,clean,42
330,331,2,1,1,clean,42
276,277,2,1,28,noisy,42
339,340,2,1,1,clean,42
301,302,2,1,1,clean,42
328,329,2,1,1,clean,42
306,307,2,1,49,noisy,42
327,328,2,1,1,clean,42
317,318,2,1,1,clean,42
287,288,2,1,1,clean,42
305,306,2,1,1,clean,42
313,314,2,1,1,clean,42
299,300,2,1,1,clean,42
278,279,2,1,1,clean,42
410,411,3,2,2,clean,42
558,559,3,2,2,clean,42
724,725,3,2,2,clean,42
373,374,3,2,2,clean,42
382,383,3,2,37,noisy,42
417,418,3,2,2,clean,42
477,478,3,2,2,clean,42
671,672,3,2,2,clean,42
705,706,3,2,2,clean,42
605,606,3,2,27,noisy,42
704,705,3,2,2,clean,42
418,419,3,2,2,clean,42
623,624,3,2,2,clean,42
726,727,3,2,2,clean,42
495,496,3,2,2,clean,42
595,596,3,2,64,noisy,42
517,518,3,2,29,noisy,42
691,692,3,2,2,clean,42
349,350,3,2,2,clean,42
535,536,3,2,2,clean,42
395,396,3,2,2,clean,42
739,740,3,2,2,clean,42
593,594,3,2,2,clean,42
572,573,3,2,2,clean,42
702,703,3,2,71,noisy,42
748,749,4,3,3,clean,42
807,808,4,3,3,clean,42
762,763,4,3,41,noisy,42
744,745,4,3,3,clean,42
772,773,4,3,3,clean,42
817,818,4,3,23,noisy,42
754,755,4,3,3,clean,42
778,779,4,3,3,clean,42
756,757,4,3,3,clean,42
799,800,4,3,3,clean,42
809,810,4,3,3,clean,42
775,776,4,3,3,clean,42
753,754,4,3,68,noisy,42
789,790,4,3,3,clean,42
749,750,4,3,3,clean,42
766,767,4,3,3,clean,42
801,802,4,3,3,clean,42
794,795,4,3,3,clean,42
777,778,4,3,3,clean,42
783,784,4,3,3,clean,42
814,815,4,3,81,noisy,42
760,761,4,3,3,clean,42
779,780,4,3,3,clean,42
788,789,4,3,3,clean,42
805,806,4,3,51,noisy,42
948,949,6,4,4,clean,42
947,948,6,4,4,clean,42
855,856,6,4,4,clean,42
869,870,6,4,4,clean,42
966,967,6,4,4,clean,42
909,910,6,4,80,noisy,42
907,908,6,4,4,clean,42
958,959,6,4,4,clean,42
976,977,6,4,4,clean,42
928,929,6,4,2,noisy,42
927,928,6,4,4,clean,42
888,889,6,4,4,clean,42
912,913,6,4,4,clean,42
910,911,6,4,12,noisy,42
874,875,6,4,4,clean,42
885,886,6,4,4,clean,42
870,871,6,4,4,clean,42
862,863,6,4,4,clean,42
975,976,6,4,24,noisy,42
899,900,6,4,4,clean,42
968,969,6,4,52,noisy,42
847,848,6,4,4,clean,42
952,953,6,4,4,clean,42
879,880,6,4,4,clean,42
932,933,6,4,4,clean,42
1039,1040,8,5,5,clean,42
1012,1013,8,5,80,noisy,42
1187,1188,8,5,5,clean,42
1092,1093,8,5,11,noisy,42
1161,1162,8,5,5,clean,42
1184,1185,8,5,5,clean,42
1200,1201,8,5,5,clean,42
1110,1111,8,5,5,clean,42
1015,1016,8,5,5,clean,42
1240,1241,8,5,5,clean,42
1237,1238,8,5,20,noisy,42
1219,1220,8,5,5,clean,42
1243,1244,8,5,5,clean,42
1179,1180,8,5,5,clean,42
1072,1073,8,5,5,clean,42
1228,1229,8,5,5,clean,42
1225,1226,8,5,5,clean,42
1021,1022,8,5,5,clean,42
1188,1189,8,5,36,noisy,42
1030,1031,8,5,78,noisy,42
1126,1127,8,5,5,clean,42
1025,1026,8,5,5,clean,42
1118,1119,8,5,5,clean,42
1073,1074,8,5,5,clean,42
1227,1228,8,5,5,clean,42
1358,1359,9,6,14,noisy,42
1361,1362,9,6,6,clean,42
1394,1395,9,6,6,clean,42
1308,1309,9,6,6,clean,42
1347,1348,9,6,6,clean,42
1282,1283,9,6,6,clean,42
1354,1355,9,6,6,clean,42
1304,1305,9,6,11,noisy,42
1353,1354,9,6,13,noisy,42
1395,1396,9,6,6,clean,42
1272,1273,9,6,6,clean,42
1337,1338,9,6,6,clean,42
1268,1269,9,6,6,clean,42
1319,1320,9,6,6,clean,42
1277,1278,9,6,6,clean,42
1283,1284,9,6,6,clean,42
1381,1382,9,6,6,clean,42
1400,1401,9,6,73,noisy,42
1351,1352,9,6,6,clean,42
1269,1270,9,6,6,clean,42
1328,1329,9,6,6,clean,42
1271,1272,9,6,6,clean,42
1265,1266,9,6,6,clean,42
1262,1263,9,6,6,clean,42
1284,1285,9,6,48,noisy,42
1496,1497,10,7,7,clean,42
1466,1467,10,7,7,clean,42
1483,1484,10,7,7,clean,42
1458,1459,10,7,61,noisy,42
1457,1458,10,7,7,clean,42
1452,1453,10,7,7,clean,42
1435,1436,10,7,7,clean,42
1493,1494,10,7,7,clean,42
1423,1424,10,7,7,clean,42
1413,1414,10,7,70,noisy,42
1431,1432,10,7,7,clean,42
1443,1444,10,7,7,clean,42
1486,1487,10,7,7,clean,42
1446,1447,10,7,47,noisy,42
1503,1504,10,7,7,clean,42
1417,1418,10,7,7,clean,42
1489,1490,10,7,73,noisy,42
1490,1491,10,7,7,clean,42
1425,1426,10,7,7,clean,42
1444,1445,10,7,7,clean,42
1468,1469,10,7,7,clean,42
1501,1502,10,7,7,clean,42
1439,1440,10,7,77,noisy,42
1455,1456,10,7,7,clean,42
1482,1483,10,7,7,clean,42
1665,1666,12,8,8,clean,42
1553,1554,12,8,8,clean,42
1615,1616,12,8,8,clean,42
1630,1631,12,8,8,clean,42
1590,1591,12,8,8,clean,42
1546,1547,12,8,8,clean,42
1632,1633,12,8,8,clean,42
1599,1600,12,8,8,clean,42
1600,1601,12,8,8,clean,42
1552,1553,12,8,2,noisy,42
1585,1586,12,8,8,clean,42
1611,1612,12,8,8,clean,42
1627,1628,12,8,8,clean,42
1649,1650,12,8,56,noisy,42
1664,1665,12,8,8,clean,42
1598,1599,12,8,0,noisy,42
1561,1562,12,8,8,clean,42
1603,1604,12,8,9,noisy,42
1658,1659,12,8,32,noisy,42
1607,1608,12,8,8,clean,42
1545,1546,12,8,8,clean,42
1652,1653,12,8,8,clean,42
1643,1644,12,8,8,clean,42
1646,1647,12,8,8,clean,42
1589,1590,12,8,8,clean,42
1698,1699,13,9,9,clean,42
1676,1677,13,9,9,clean,42
1725,1726,13,9,9,clean,42
1680,1681,13,9,9,clean,42
1730,1731,13,9,9,clean,42
1694,1695,13,9,9,clean,42
1686,1687,13,9,61,noisy,42
1709,1710,13,9,9,clean,42
1721,1722,13,9,9,clean,42
1688,1689,13,9,82,noisy,42
1707,1708,13,9,9,clean,42
1685,1686,13,9,9,clean,42
1743,1744,13,9,59,noisy,42
1681,1682,13,9,9,clean,42
1738,1739,13,9,37,noisy,42
1706,1707,13,9,22,noisy,42
1734,1735,13,9,9,clean,42
1711,1712,13,9,9,clean,42
1733,1734,13,9,9,clean,42
1723,1724,13,9,9,clean,42
1692,1693,13,9,9,clean,42
1710,1711,13,9,9,clean,42
1718,1719,13,9,9,clean,42
1704,1705,13,9,9,clean,42
1683,1684,13,9,9,clean,42
2031,2032,14,10,10,clean,42
2027,2028,14,10,10,clean,42
1779,1780,14,10,10,clean,42
1957,1958,14,10,29,noisy,42
1839,1840,14,10,15,noisy,42
1830,1831,14,10,10,clean,42
2137,2138,14,10,10,clean,42
1840,1841,14,10,10,clean,42
1971,1972,14,10,10,clean,42
1872,1873,14,10,10,clean,42
1755,1756,14,10,10,clean,42
2108,2109,14,10,65,noisy,42
1802,1803,14,10,32,noisy,42
1818,1819,14,10,10,clean,42
1878,1879,14,10,10,clean,42
1788,1789,14,10,10,clean,42
2001,2002,14,10,10,clean,42
2023,2024,14,10,10,clean,42
1978,1979,14,10,10,clean,42
1954,1955,14,10,10,clean,42
1823,1824,14,10,10,clean,42
1761,1762,14,10,10,clean,42
2139,2140,14,10,10,clean,42
2095,2096,14,10,56,noisy,42
1746,1747,14,10,10,clean,42
2253,2254,16,11,11,clean,42
2223,2224,16,11,11,clean,42
2240,2241,16,11,11,clean,42
2215,2216,16,11,11,clean,42
2214,2215,16,11,11,clean,42
2209,2210,16,11,11,clean,42
2192,2193,16,11,11,clean,42
2250,2251,16,11,71,noisy,42
2180,2181,16,11,11,clean,42
2170,2171,16,11,11,clean,42
2188,2189,16,11,11,clean,42
2200,2201,16,11,11,clean,42
2243,2244,16,11,11,clean,42
2203,2204,16,11,42,noisy,42
2260,2261,16,11,11,clean,42
2174,2175,16,11,11,clean,42
2246,2247,16,11,11,clean,42
2247,2248,16,11,60,noisy,42
2182,2183,16,11,38,noisy,42
2201,2202,16,11,11,clean,42
2225,2226,16,11,63,noisy,42
2258,2259,16,11,11,clean,42
2196,2197,16,11,11,clean,42
2212,2213,16,11,11,clean,42
2239,2240,16,11,11,clean,42
2287,2288,17,12,12,clean,42
2283,2284,17,12,12,clean,42
2274,2275,17,12,12,clean,42
2299,2300,17,12,12,clean,42
2305,2306,17,12,12,clean,42
2295,2296,17,12,12,clean,42
2276,2277,17,12,50,noisy,42
2296,2297,17,12,12,clean,42
2294,2295,17,12,12,clean,42
2286,2287,17,12,12,clean,42
2278,2279,17,12,12,clean,42
2285,2286,17,12,38,noisy,42
2282,2283,17,12,17,noisy,42
2302,2303,17,12,12,clean,42
2279,2280,17,12,19,noisy,42
2289,2290,17,12,12,clean,42
2270,2271,17,12,12,clean,42
2301,2302,17,12,12,clean,42
2275,2276,17,12,12,clean,42
2281,2282,17,12,12,clean,42
2271,2272,17,12,12,clean,42
2297,2298,17,12,12,clean,42
2291,2292,17,12,81,noisy,42
2272,2273,17,12,12,clean,42
2306,2307,17,12,12,clean,42
2377,2378,18,13,13,clean,42
2525,2526,18,13,13,clean,42
2565,2566,18,13,13,clean,42
2340,2341,18,13,13,clean,42
2349,2350,18,13,13,clean,42
2384,2385,18,13,13,clean,42
2444,2445,18,13,13,clean,42
2640,2641,18,13,13,clean,42
2552,2553,18,13,13,clean,42
2573,2574,18,13,60,noisy,42
2673,2674,18,13,13,clean,42
2385,2386,18,13,13,clean,42
2591,2592,18,13,13,clean,42
2695,2696,18,13,13,clean,42
2462,2463,18,13,62,noisy,42
2491,2492,18,13,13,clean,42
2484,2485,18,13,13,clean,42
2538,2539,18,13,13,clean,42
2316,2317,18,13,13,clean,42
2502,2503,18,13,53,noisy,42
2362,2363,18,13,13,clean,42
2708,2709,18,13,29,noisy,42
2592,2593,18,13,45,noisy,42
2541,2542,18,13,13,clean,42
2587,2588,18,13,13,clean,42
2797,2798,19,14,14,clean,42
2799,2800,19,14,33,noisy,42
2810,2811,19,14,14,clean,42
2828,2829,19,14,14,clean,42
2742,2743,19,14,14,clean,42
2827,2828,19,14,14,clean,42
2791,2792,19,14,14,clean,42
2794,2795,19,14,14,clean,42
2731,2732,19,14,14,clean,42
2728,2729,19,14,12,noisy,42
2732,2733,19,14,14,clean,42
2725,2726,19,14,14,clean,42
2722,2723,19,14,6,noisy,42
2755,2756,19,14,14,clean,42
2764,2765,19,14,19,noisy,42
2782,2783,19,14,14,clean,42
2822,2823,19,14,14,clean,42
2849,2850,19,14,39,noisy,42
2778,2779,19,14,14,clean,42
2809,2810,19,14,14,clean,42
2788,2789,19,14,14,clean,42
2836,2837,19,14,14,clean,42
2744,2745,19,14,14,clean,42
2779,2780,19,14,14,clean,42
2768,2769,19,14,14,clean,42
2866,2867,20,15,15,clean,42
2871,2872,20,15,15,clean,42
2900,2901,20,15,15,clean,42
2879,2880,20,15,1,noisy,42
2910,2911,20,15,51,noisy,42
2918,2919,20,15,15,clean,42
2903,2904,20,15,15,clean,42
2891,2892,20,15,15,clean,42
2912,2913,20,15,15,clean,42
2878,2879,20,15,15,clean,42
2914,2915,20,15,15,clean,42
2869,2870,20,15,15,clean,42
2902,2903,20,15,55,noisy,42
2897,2898,20,15,15,clean,42
2874,2875,20,15,15,clean,42
2883,2884,20,15,67,noisy,42
2872,2873,20,15,15,clean,42
2870,2871,20,15,15,clean,42
2907,2908,20,15,15,clean,42
2885,2886,20,15,15,clean,42
2896,2897,20,15,66,noisy,42
2915,2916,20,15,15,clean,42
2916,2917,20,15,15,clean,42
2920,2921,20,15,15,clean,42
2881,2882,20,15,15,clean,42
3096,3097,21,16,16,clean,42
3061,3062,21,16,16,clean,42
3050,3051,21,16,16,clean,42
3018,3019,21,16,16,clean,42
2996,2997,21,16,65,noisy,42
2957,2958,21,16,16,clean,42
3303,3304,21,16,16,clean,42
3147,3148,21,16,16,clean,42
3265,3266,21,16,76,noisy,42
3151,3152,21,16,16,clean,42
3056,3057,21,16,16,clean,42
3146,3147,21,16,16,clean,42
3210,3211,21,16,16,clean,42
3255,3256,21,16,16,clean,42
3081,3082,21,16,16,clean,42
3014,3015,21,16,16,clean,42
3281,3282,21,16,33,noisy,42
3002,3003,21,16,16,clean,42
2933,2934,21,16,11,noisy,42
3001,3002,21,16,16,clean,42
3236,3237,21,16,16,clean,42
3162,3163,21,16,26,noisy,42
2954,2955,21,16,16,clean,42
2997,2998,21,16,16,clean,42
3127,3128,21,16,16,clean,42
3363,3364,22,17,17,clean,42
3449,3450,22,17,7,noisy,42
3412,3413,22,17,21,noisy,42
3460,3461,22,17,17,clean,42
3529,3530,22,17,17,clean,42
3470,3471,22,17,17,clean,42
3542,3543,22,17,17,clean,42
3378,3379,22,17,17,clean,42
3491,3492,22,17,17,clean,42
3580,3581,22,17,17,clean,42
3516,3517,22,17,17,clean,42
3602,3603,22,17,17,clean,42
3560,3561,22,17,17,clean,42
3415,3416,22,17,17,clean,42
3498,3499,22,17,17,clean,42
3527,3528,22,17,43,noisy,42
3559,3560,22,17,17,clean,42
3479,3480,22,17,17,clean,42
3437,3438,22,17,29,noisy,42
3393,3394,22,17,17,clean,42
3554,3555,22,17,34,noisy,42
3600,3601,22,17,17,clean,42
3379,3380,22,17,17,clean,42
3375,3376,22,17,17,clean,42
3518,3519,22,17,17,clean,42
3677,3678,23,18,18,clean,42
3849,3850,23,18,18,clean,42
4042,4043,23,18,2,noisy,42
3684,3685,23,18,27,noisy,42
4007,4008,23,18,18,clean,42
4083,4084,23,18,18,clean,42
3804,3805,23,18,18,clean,42
3668,3669,23,18,18,clean,42
3689,3690,23,18,18,clean,42
3912,3913,23,18,18,clean,42
3614,3615,23,18,18,clean,42
3673,3674,23,18,18,clean,42
4054,4055,23,18,46,noisy,42
3980,3981,23,18,18,clean,42
3877,3878,23,18,18,clean,42
3970,3971,23,18,9,noisy,42
4039,4040,23,18,18,clean,42
3635,3636,23,18,18,clean,42
3758,3759,23,18,18,clean,42
4047,4048,23,18,18,clean,42
3855,3856,23,18,18,clean,42
3830,3831,23,18,68,noisy,42
3698,3699,23,18,18,clean,42
3916,3917,23,18,18,clean,42
4046,4047,23,18,18,clean,42
4224,4225,24,19,19,clean,42
4240,4241,24,19,65,noisy,42
4185,4186,24,19,16,noisy,42
4272,4273,24,19,19,clean,42
4107,4108,24,19,19,clean,42
4207,4208,24,19,19,clean,42
4264,4265,24,19,19,clean,42
4301,4302,24,19,4,noisy,42
4167,4168,24,19,31,noisy,42
4234,4235,24,19,19,clean,42
4192,4193,24,19,14,noisy,42
4122,4123,24,19,19,clean,42
4282,4283,24,19,19,clean,42
4101,4102,24,19,19,clean,42
4159,4160,24,19,19,clean,42
4310,4311,24,19,19,clean,42
4267,4268,24,19,19,clean,42
4110,4111,24,19,19,clean,42
4289,4290,24,19,19,clean,42
4158,4159,24,19,19,clean,42
4281,4282,24,19,19,clean,42
4188,4189,24,19,19,clean,42
4302,4303,24,19,19,clean,42
4117,4118,24,19,19,clean,42
4219,4220,24,19,19,clean,42
4543,4544,25,20,20,clean,42
4422,4423,25,20,20,clean,42
4562,4563,25,20,20,clean,42
4321,4322,25,20,20,clean,42
4405,4406,25,20,20,clean,42
4532,4533,25,20,61,noisy,42
4587,4588,25,20,20,clean,42
4511,4512,25,20,20,clean,42
4516,4517,25,20,18,noisy,42
4413,4414,25,20,20,clean,42
4493,4494,25,20,62,noisy,42
4623,4624,25,20,20,clean,42
4631,4632,25,20,20,clean,42
4451,4452,25,20,20,clean,42
4578,4579,25,20,20,clean,42
4465,4466,25,20,3,noisy,42
4458,4459,25,20,43,noisy,42
4456,4457,25,20,20,clean,42
4337,4338,25,20,20,clean,42
4317,4318,25,20,20,clean,42
4394,4395,25,20,20,clean,42
4491,4492,25,20,20,clean,42
4358,4359,25,20,20,clean,42
4584,4585,25,20,20,clean,42
4406,4407,25,20,20,clean,42
4658,4659,26,21,21,clean,42
4681,4682,26,21,21,clean,42
4795,4796,26,21,21,clean,42
4750,4751,26,21,9,noisy,42
4787,4788,26,21,21,clean,42
4654,4655,26,21,68,noisy,42
4663,4664,26,21,21,clean,42
4707,4708,26,21,21,clean,42
4756,4757,26,21,25,noisy,42
4737,4738,26,21,21,clean,42
4736,4737,26,21,21,clean,42
4802,4803,26,21,21,clean,42
4708,4709,26,21,21,clean,42
4814,4815,26,21,21,clean,42
4684,4685,26,21,21,clean,42
4655,4656,26,21,21,clean,42
4690,4691,26,21,21,clean,42
4674,4675,26,21,45,noisy,42
4721,4722,26,21,21,clean,42
4695,4696,26,21,21,clean,42
4804,4805,26,21,21,clean,42
4763,4764,26,21,21,clean,42
4785,4786,26,21,42,noisy,42
4669,4670,26,21,21,clean,42
4648,4649,26,21,21,clean,42
4959,4960,27,22,22,clean,42
4939,4940,27,22,22,clean,42
4955,4956,27,22,22,clean,42
4879,4880,27,22,22,clean,42
4919,4920,27,22,22,clean,42
4853,4854,27,22,27,noisy,42
4980,4981,27,22,22,clean,42
4875,4876,27,22,22,clean,42
4925,4926,27,22,22,clean,42
4969,4970,27,22,22,clean,42
4843,4844,27,22,22,clean,42
4909,4910,27,22,22,clean,42
4839,4840,27,22,22,clean,42
4890,4891,27,22,22,clean,42
4848,4849,27,22,22,clean,42
4854,4855,27,22,22,clean,42
4956,4957,27,22,54,noisy,42
4929,4930,27,22,22,clean,42
4975,4976,27,22,22,clean,42
4840,4841,27,22,22,clean,42
4899,4900,27,22,41,noisy,42
4842,4843,27,22,22,clean,42
4836,4837,27,22,22,clean,42
4833,4834,27,22,39,noisy,42
4855,4856,27,22,31,noisy,42
5096,5097,29,23,23,clean,42
5093,5094,29,23,35,noisy,42
5089,5090,29,23,23,clean,42
5110,5111,29,23,23,clean,42
5049,5050,29,23,23,clean,42
5095,5096,29,23,23,clean,42
5085,5086,29,23,23,clean,42
5058,5059,29,23,23,clean,42
5016,5017,29,23,23,clean,42
5026,5027,29,23,21,noisy,42
5080,5081,29,23,27,noisy,42
5046,5047,29,23,23,clean,42
5034,5035,29,23,23,clean,42
5020,5021,29,23,23,clean,42
5047,5048,29,23,23,clean,42
5042,5043,29,23,23,clean,42
5028,5029,29,23,23,clean,42
5038,5039,29,23,23,clean,42
5069,5070,29,23,23,clean,42
5101,5102,29,23,23,clean,42
5056,5057,29,23,7,noisy,42
5083,5084,29,23,23,clean,42
5031,5032,29,23,23,clean,42
5084,5085,29,23,23,clean,42
5104,5105,29,23,58,noisy,42
5134,5135,30,24,82,noisy,42
5112,5113,30,24,24,clean,42
5159,5160,30,24,24,clean,42
5116,5117,30,24,24,clean,42
5165,5166,30,24,24,clean,42
5130,5131,30,24,24,clean,42
5122,5123,30,24,24,clean,42
5145,5146,30,24,51,noisy,42
5156,5157,30,24,24,clean,42
5124,5125,30,24,24,clean,42
5143,5144,30,24,24,clean,42
5121,5122,30,24,24,clean,42
5171,5172,30,24,24,clean,42
5117,5118,30,24,24,clean,42
5180,5181,30,24,24,clean,42
5142,5143,30,24,24,clean,42
5169,5170,30,24,25,noisy,42
5147,5148,30,24,40,noisy,42
5168,5169,30,24,24,clean,42
5158,5159,30,24,24,clean,42
5128,5129,30,24,24,clean,42
5146,5147,30,24,24,clean,42
5154,5155,30,24,52,noisy,42
5140,5141,30,24,24,clean,42
5119,5120,30,24,24,clean,42
5371,5372,31,25,32,noisy,42
5187,5188,31,25,25,clean,42
5260,5261,31,25,25,clean,42
5386,5387,31,25,70,noisy,42
5298,5299,31,25,76,noisy,42
5366,5367,31,25,25,clean,42
5382,5383,31,25,25,clean,42
5348,5349,31,25,25,clean,42
5190,5191,31,25,25,clean,42
5211,5212,31,25,25,clean,42
5361,5362,31,25,25,clean,42
5402,5403,31,25,25,clean,42
5410,5411,31,25,25,clean,42
5397,5398,31,25,25,clean,42
5317,5318,31,25,25,clean,42
5249,5250,31,25,25,clean,42
5379,5380,31,25,25,clean,42
5196,5197,31,25,25,clean,42
5277,5278,31,25,25,clean,42
5205,5206,31,25,25,clean,42
5415,5416,31,25,25,clean,42
5200,5201,31,25,77,noisy,42
5301,5302,31,25,17,noisy,42
5333,5334,31,25,25,clean,42
5214,5215,31,25,25,clean,42
5655,5656,32,26,26,clean,42
5502,5503,32,26,72,noisy,42
5445,5446,32,26,26,clean,42
5606,5607,32,26,26,clean,42
5451,5452,32,26,56,noisy,42
5637,5638,32,26,26,clean,42
5461,5462,32,26,26,clean,42
5633,5634,32,26,26,clean,42
5590,5591,32,26,26,clean,42
5562,5563,32,26,26,clean,42
5652,5653,32,26,26,clean,42
5455,5456,32,26,26,clean,42
5532,5533,32,26,26,clean,42
5614,5615,32,26,26,clean,42
5611,5612,32,26,82,noisy,42
5573,5574,32,26,26,clean,42
5582,5583,32,26,26,clean,42
5466,5467,32,26,26,clean,42
5663,5664,32,26,26,clean,42
5621,5622,32,26,26,clean,42
5544,5545,32,26,42,noisy,42
5598,5599,32,26,26,clean,42
5642,5643,32,26,26,clean,42
5617,5618,32,26,15,noisy,42
5561,5562,32,26,26,clean,42
5750,5751,33,27,27,clean,42
5683,5684,33,27,34,noisy,42
5779,5780,33,27,27,clean,42
5845,5846,33,27,27,clean,42
5744,5745,33,27,27,clean,42
5831,5832,33,27,27,clean,42
5736,5737,33,27,27,clean,42
5735,5736,33,27,27,clean,42
5788,5789,33,27,27,clean,42
5841,5842,33,27,27,clean,42
5844,5845,33,27,27,clean,42
5816,5817,33,27,27,clean,42
5733,5734,33,27,27,clean,42
5698,5699,33,27,27,clean,42
5754,5755,33,27,27,clean,42
5753,5754,33,27,27,clean,42
5723,5724,33,27,27,clean,42
5728,5729,33,27,57,noisy,42
5758,5759,33,27,24,noisy,42
5827,5828,33,27,27,clean,42
5684,5685,33,27,27,clean,42
5792,5793,33,27,10,noisy,42
5764,5765,33,27,27,clean,42
5840,5841,33,27,56,noisy,42
5734,5735,33,27,27,clean,42
5940,5941,34,28,28,clean,42
6147,6148,34,28,52,noisy,42
5892,5893,34,28,28,clean,42
6122,6123,34,28,28,clean,42
5876,5877,34,28,28,clean,42
5968,5969,34,28,28,clean,42
6043,6044,34,28,28,clean,42
6053,6054,34,28,28,clean,42
5930,5931,34,28,28,clean,42
5983,5984,34,28,28,clean,42
6106,6107,34,28,28,clean,42
5942,5943,34,28,28,clean,42
6031,6032,34,28,28,clean,42
6040,6041,34,28,28,clean,42
6077,6078,34,28,28,clean,42
5951,5952,34,28,28,clean,42
6052,6053,34,28,28,clean,42
5999,6000,34,28,28,clean,42
6179,6180,34,28,1,noisy,42
6112,6113,34,28,64,noisy,42
6069,6070,34,28,15,noisy,42
6044,6045,34,28,28,clean,42
6064,6065,34,28,28,clean,42
5975,5976,34,28,73,noisy,42
5909,5910,34,28,28,clean,42
6297,6298,35,29,29,clean,42
6348,6349,35,29,29,clean,42
6353,6354,35,29,29,clean,42
6285,6286,35,29,29,clean,42
6284,6285,35,29,29,clean,42
6199,6200,35,29,29,clean,42
6361,6362,35,29,29,clean,42
6219,6220,35,29,13,noisy,42
6303,6304,35,29,29,clean,42
6336,6337,35,29,51,noisy,42
6208,6209,35,29,29,clean,42
6260,6261,35,29,39,noisy,42
6340,6341,35,29,29,clean,42
6302,6303,35,29,29,clean,42
6252,6253,35,29,29,clean,42
6200,6201,35,29,29,clean,42
6306,6307,35,29,29,clean,42
6214,6215,35,29,29,clean,42
6320,6321,35,29,29,clean,42
6203,6204,35,29,48,noisy,42
6259,6260,35,29,29,clean,42
6299,6300,35,29,52,noisy,42
6310,6311,35,29,29,clean,42
6331,6332,35,29,29,clean,42
6253,6254,35,29,29,clean,42
6385,6386,36,30,30,clean,42
6379,6380,36,30,30,clean,42
6485,6486,36,30,30,clean,42
6448,6449,36,30,66,noisy,42
6436,6437,36,30,30,clean,42
6415,6416,36,30,30,clean,42
6502,6503,36,30,34,noisy,42
6531,6532,36,30,5,noisy,42
6571,6572,36,30,30,clean,42
6551,6552,36,30,30,clean,42
6439,6440,36,30,30,clean,42
6533,6534,36,30,30,clean,42
6537,6538,36,30,30,clean,42
6522,6523,36,30,30,clean,42
6426,6427,36,30,30,clean,42
6561,6562,36,30,54,noisy,42
6388,6389,36,30,30,clean,42
6449,6450,36,30,30,clean,42
6425,6426,36,30,30,clean,42
6516,6517,36,30,30,clean,42
6547,6548,36,30,30,clean,42
6467,6468,36,30,30,clean,42
6465,6466,36,30,30,clean,42
6400,6401,36,30,30,clean,42
6497,6498,36,30,11,noisy,42
7120,7121,37,31,31,clean,42
6655,6656,37,31,31,clean,42
6714,6715,37,31,31,clean,42
6653,6654,37,31,31,clean,42
6845,6846,37,31,31,clean,42
6803,6804,37,31,31,clean,42
7003,7004,37,31,60,noisy,42
6974,6975,37,31,5,noisy,42
6656,6657,37,31,31,clean,42
6879,6880,37,31,31,clean,42
6759,6760,37,31,81,noisy,42
6584,6585,37,31,31,clean,42
6657,6658,37,31,31,clean,42
6796,6797,37,31,54,noisy,42
6839,6840,37,31,31,clean,42
6658,6659,37,31,31,clean,42
7096,7097,37,31,31,clean,42
6580,6581,37,31,31,clean,42
6849,6850,37,31,31,clean,42
6982,6983,37,31,31,clean,42
7005,7006,37,31,31,clean,42
6729,6730,37,31,12,noisy,42
6705,6706,37,31,31,clean,42
6683,6684,37,31,31,clean,42
6647,6648,37,31,31,clean,42
7190,7191,38,32,32,clean,42
7239,7240,38,32,32,clean,42
7141,7142,38,32,32,clean,42
7266,7267,38,32,32,clean,42
7281,7282,38,32,32,clean,42
7251,7252,38,32,32,clean,42
7265,7266,38,32,32,clean,42
7155,7156,38,32,30,noisy,42
7143,7144,38,32,46,noisy,42
7292,7293,38,32,26,noisy,42
7283,7284,38,32,32,clean,42
7140,7141,38,32,32,clean,42
7180,7181,38,32,32,clean,42
7181,7182,38,32,32,clean,42
7240,7241,38,32,32,clean,42
7170,7171,38,32,32,clean,42
7249,7250,38,32,32,clean,42
7134,7135,38,32,32,clean,42
7272,7273,38,32,32,clean,42
7210,7211,38,32,1,noisy,42
7238,7239,38,32,53,noisy,42
7286,7287,38,32,32,clean,42
7185,7186,38,32,32,clean,42
7312,7313,38,32,32,clean,42
7198,7199,38,32,32,clean,42
7395,7396,39,33,33,clean,42
7433,7434,39,33,33,clean,42
7621,7622,39,33,50,noisy,42
7431,7432,39,33,33,clean,42
7600,7601,39,33,33,clean,42
7365,7366,39,33,33,clean,42
7552,7553,39,33,67,noisy,42
7606,7607,39,33,33,clean,42
7625,7626,39,33,75,noisy,42
7463,7464,39,33,33,clean,42
7520,7521,39,33,33,clean,42
7348,7349,39,33,33,clean,42
7332,7333,39,33,33,clean,42
7401,7402,39,33,33,clean,42
7417,7418,39,33,33,clean,42
7517,7518,39,33,33,clean,42
7481,7482,39,33,33,clean,42
7476,7477,39,33,33,clean,42
7424,7425,39,33,33,clean,42
7396,7397,39,33,33,clean,42
7578,7579,39,33,40,noisy,42
7455,7456,39,33,33,clean,42
7398,7399,39,33,69,noisy,42
7649,7650,39,33,33,clean,42
7380,7381,39,33,33,clean,42
7663,7664,40,34,67,noisy,42
7721,7722,40,34,48,noisy,42
7677,7678,40,34,34,clean,42
7659,7660,40,34,34,clean,42
7687,7688,40,34,58,noisy,42
7709,7710,40,34,34,clean,42
7669,7670,40,34,34,clean,42
7693,7694,40,34,34,clean,42
7671,7672,40,34,34,clean,42
7713,7714,40,34,34,clean,42
7706,7707,40,34,34,clean,42
7690,7691,40,34,79,noisy,42
7668,7669,40,34,34,clean,42
7704,7705,40,34,34,clean,42
7664,7665,40,34,34,clean,42
7681,7682,40,34,34,clean,42
7715,7716,40,34,34,clean,42
7708,7709,40,34,13,noisy,42
7692,7693,40,34,34,clean,42
7698,7699,40,34,34,clean,42
7718,7719,40,34,34,clean,42
7675,7676,40,34,34,clean,42
7694,7695,40,34,34,clean,42
7703,7704,40,34,34,clean,42
7728,7729,40,34,34,clean,42
8306,8307,41,35,35,clean,42
8008,8009,41,35,35,clean,42
7835,7836,41,35,69,noisy,42
7908,7909,41,35,22,noisy,42
8187,8188,41,35,35,clean,42
8018,8019,41,35,35,clean,42
8259,8260,41,35,35,clean,42
8174,8175,41,35,67,noisy,42
7898,7899,41,35,35,clean,42
7979,7980,41,35,35,clean,42
8269,8270,41,35,35,clean,42
7912,7913,41,35,35,clean,42
7862,7863,41,35,32,noisy,42
7913,7914,41,35,35,clean,42
8145,8146,41,35,35,clean,42
7841,7842,41,35,35,clean,42
7935,7936,41,35,71,noisy,42
8170,8171,41,35,35,clean,42
7817,7818,41,35,35,clean,42
8147,8148,41,35,35,clean,42
8272,8273,41,35,35,clean,42
7832,7833,41,35,35,clean,42
7733,7734,41,35,35,clean,42
8282,8283,41,35,35,clean,42
7801,7802,41,35,35,clean,42
8344,8345,42,36,36,clean,42
8311,8312,42,36,36,clean,42
8345,8346,42,36,36,clean,42
8323,8324,42,36,36,clean,42
8321,8322,42,36,43,noisy,42
8388,8389,42,36,36,clean,42
8341,8342,42,36,36,clean,42
8315,8316,42,36,36,clean,42
8360,8361,42,36,36,clean,42
8377,8378,42,36,36,clean,42
8372,8373,42,36,74,noisy,42
8333,8334,42,36,36,clean,42
8383,8384,42,36,36,clean,42
8365,8366,42,36,36,clean,42
8329,8330,42,36,36,clean,42
8355,8356,42,36,36,clean,42
8342,8343,42,36,36,clean,42
8369,8370,42,36,14,noisy,42
8320,8321,42,36,36,clean,42
8316,8317,42,36,36,clean,42
8346,8347,42,36,36,clean,42
8350,8351,42,36,36,clean,42
8378,8379,42,36,36,clean,42
8364,8365,42,36,31,noisy,42
8351,8352,42,36,68,noisy,42
8465,8466,43,37,37,clean,42
8527,8528,43,37,37,clean,42
8541,8542,43,37,37,clean,42
8449,8450,43,37,37,clean,42
8545,8546,43,37,37,clean,42
8554,8555,43,37,37,clean,42
8474,8475,43,37,37,clean,42
8531,8532,43,37,41,noisy,42
8503,8504,43,37,37,clean,42
8420,8421,43,37,37,clean,42
8512,8513,43,37,77,noisy,42
8498,8499,43,37,37,clean,42
8430,8431,43,37,37,clean,42
8479,8480,43,37,37,clean,42
8535,8536,43,37,37,clean,42
8404,8405,43,37,74,noisy,42
8525,8526,43,37,37,clean,42
8413,8414,43,37,44,noisy,42
8464,8465,43,37,37,clean,42
8534,8535,43,37,37,clean,42
8418,8419,43,37,16,noisy,42
8419,8420,43,37,37,clean,42
8444,8445,43,37,37,clean,42
8502,8503,43,37,37,clean,42
8557,8558,43,37,37,clean,42
8576,8577,44,38,68,noisy,42
8580,8581,44,38,38,clean,42
8588,8589,44,38,38,clean,42
8587,8588,44,38,38,clean,42
8569,8570,44,38,38,clean,42
8585,8586,44,38,38,clean,42
8582,8583,44,38,2,noisy,42
8573,8574,44,38,38,clean,42
8593,8594,44,38,38,clean,42
8570,8571,44,38,38,clean,42
8561,8562,44,38,3,noisy,42
8565,8566,44,38,38,clean,42
8577,8578,44,38,38,clean,42
8578,8579,44,38,50,noisy,42
8566,8567,44,38,38,clean,42
8574,8575,44,38,38,clean,42
8572,8573,44,38,38,clean,42
8562,8563,44,38,7,noisy,42
8563,8564,44,38,38,clean,42
8591,8592,44,38,38,clean,42
8564,8565,44,38,38,clean,42
8590,8591,44,38,38,clean,42
8584,8585,44,38,38,clean,42
8592,8593,44,38,38,clean,42
8583,8584,44,38,38,clean,42
8786,8787,46,39,74,noisy,42
8835,8836,46,39,39,clean,42
8718,8719,46,39,39,clean,42
8853,8854,46,39,39,clean,42
8667,8668,46,39,39,clean,42
8616,8617,46,39,39,clean,42
8726,8727,46,39,13,noisy,42
8830,8831,46,39,39,clean,42
8874,8875,46,39,39,clean,42
8640,8641,46,39,46,noisy,42
8612,8613,46,39,39,clean,42
8708,8709,46,39,39,clean,42
8652,8653,46,39,34,noisy,42
8782,8783,46,39,39,clean,42
8725,8726,46,39,39,clean,42
8653,8654,46,39,39,clean,42
8732,8733,46,39,39,clean,42
8799,8800,46,39,80,noisy,42
8891,8892,46,39,39,clean,42
8885,8886,46,39,39,clean,42
8759,8760,46,39,39,clean,42
8875,8876,46,39,39,clean,42
8878,8879,46,39,39,clean,42
8632,8633,46,39,39,clean,42
8753,8754,46,39,39,clean,42
8979,8980,47,40,40,clean,42
9127,9128,47,40,40,clean,42
9167,9168,47,40,40,clean,42
8942,8943,47,40,40,clean,42
8951,8952,47,40,40,clean,42
8986,8987,47,40,40,clean,42
9046,9047,47,40,31,noisy,42
9242,9243,47,40,40,clean,42
9154,9155,47,40,40,clean,42
9175,9176,47,40,40,clean,42
9275,9276,47,40,40,clean,42
8987,8988,47,40,40,clean,42
9193,9194,47,40,40,clean,42
9297,9298,47,40,40,clean,42
9064,9065,47,40,40,clean,42
9093,9094,47,40,1,noisy,42
9086,9087,47,40,40,clean,42
9140,9141,47,40,40,clean,42
8918,8919,47,40,40,clean,42
9104,9105,47,40,81,noisy,42
8964,8965,47,40,77,noisy,42
9310,9311,47,40,40,clean,42
9194,9195,47,40,40,clean,42
9143,9144,47,40,40,clean,42
9189,9190,47,40,71,noisy,42
9348,9349,48,41,41,clean,42
9351,9352,48,41,41,clean,42
9319,9320,48,41,41,clean,42
9328,9329,48,41,41,clean,42
9345,9346,48,41,41,clean,42
9341,9342,48,41,41,clean,42
9321,9322,48,41,41,clean,42
9342,9343,48,41,41,clean,42
9339,9340,48,41,41,clean,42
9330,9331,48,41,41,clean,42
9332,9333,48,41,41,clean,42
9323,9324,48,41,41,clean,42
9331,9332,48,41,41,clean,42
9327,9328,48,41,41,clean,42
9334,9335,48,41,41,clean,42
9324,9325,48,41,33,noisy,42
9347,9348,48,41,77,noisy,42
9315,9316,48,41,61,noisy,42
9340,9341,48,41,25,noisy,42
9320,9321,48,41,41,clean,42
9326,9327,48,41,41,clean,42
9316,9317,48,41,41,clean,42
9352,9353,48,41,41,clean,42
9336,9337,48,41,41,clean,42
9317,9318,48,41,59,noisy,42
9414,9415,49,42,42,clean,42
9410,9411,49,42,42,clean,42
9353,9354,49,42,42,clean,42
9396,9397,49,42,82,noisy,42
9358,9359,49,42,42,clean,42
9389,9390,49,42,42,clean,42
9369,9370,49,42,22,noisy,42
9365,9366,49,42,42,clean,42
9378,9379,49,42,42,clean,42
9413,9414,49,42,51,noisy,42
9408,9409,49,42,42,clean,42
9362,9363,49,42,42,clean,42
9393,9394,49,42,10,noisy,42
9366,9367,49,42,42,clean,42
9387,9388,49,42,42,clean,42
9402,9403,49,42,42,clean,42
9356,9357,49,42,42,clean,42
9370,9371,49,42,42,clean,42
9401,9402,49,42,42,clean,42
9361,9362,49,42,42,clean,42
9359,9360,49,42,42,clean,42
9386,9387,49,42,72,noisy,42
9357,9358,49,42,42,clean,42
9399,9400,49,42,42,clean,42
9372,9373,49,42,42,clean,42
9622,9623,51,43,16,noisy,42
9515,9516,51,43,43,clean,42
9492,9493,51,43,43,clean,42
9574,9575,51,43,43,clean,42
9598,9599,51,43,43,clean,42
9452,9453,51,43,43,clean,42
9512,9513,51,43,43,clean,42
9591,9592,51,43,43,clean,42
9559,9560,51,43,43,clean,42
9612,9613,51,43,43,clean,42
9595,9596,51,43,43,clean,42
9479,9480,51,43,31,noisy,42
9602,9603,51,43,43,clean,42
9467,9468,51,43,43,clean,42
9488,9489,51,43,35,noisy,42
9453,9454,51,43,43,clean,42
9603,9604,51,43,66,noisy,42
9614,9615,51,43,43,clean,42
9522,9523,51,43,62,noisy,42
9456,9457,51,43,43,clean,42
9561,9562,51,43,43,clean,42
9555,9556,51,43,43,clean,42
9442,9443,51,43,43,clean,42
9585,9586,51,43,43,clean,42
9461,9462,51,43,43,clean,42
9803,9804,54,44,44,clean,42
9696,9697,54,44,44,clean,42
9785,9786,54,44,44,clean,42
9695,9696,54,44,44,clean,42
9808,9809,54,44,26,noisy,42
9827,9828,54,44,44,clean,42
9830,9831,54,44,44,clean,42
9717,9718,54,44,44,clean,42
9771,9772,54,44,78,noisy,42
9726,9727,54,44,12,noisy,42
9681,9682,54,44,44,clean,42
9822,9823,54,44,79,noisy,42
9799,9800,54,44,44,clean,42
9711,9712,54,44,44,clean,42
9734,9735,54,44,44,clean,42
9751,9752,54,44,44,clean,42
9690,9691,54,44,44,clean,42
9775,9776,54,44,44,clean,42
9741,9742,54,44,44,clean,42
9774,9775,54,44,44,clean,42
9685,9686,54,44,44,clean,42
9682,9683,54,44,4,noisy,42
9697,9698,54,44,44,clean,42
9684,9685,54,44,44,clean,42
9678,9679,54,44,44,clean,42
9922,9923,56,45,45,clean,42
9867,9868,56,45,45,clean,42
9967,9968,56,45,43,noisy,42
9927,9928,56,45,45,clean,42
9925,9926,56,45,45,clean,42
9880,9881,56,45,45,clean,42
9913,9914,56,45,45,clean,42
9990,9991,56,45,45,clean,42
9917,9918,56,45,28,noisy,42
9931,9932,56,45,45,clean,42
9959,9960,56,45,45,clean,42
9861,9862,56,45,22,noisy,42
9885,9886,56,45,45,clean,42
9858,9859,56,45,2,noisy,42
9868,9869,56,45,45,clean,42
9905,9906,56,45,45,clean,42
9953,9954,56,45,45,clean,42
9918,9919,56,45,45,clean,42
9904,9905,56,45,60,noisy,42
9981,9982,56,45,45,clean,42
9878,9879,56,45,45,clean,42
9976,9977,56,45,45,clean,42
9875,9876,56,45,45,clean,42
9977,9978,56,45,45,clean,42
9980,9981,56,45,45,clean,42
10055,10056,57,46,79,noisy,42
10088,10089,57,46,46,clean,42
10003,10004,57,46,63,noisy,42
10044,10045,57,46,46,clean,42
10025,10026,57,46,46,clean,42
10116,10117,57,46,46,clean,42
10068,10069,57,46,46,clean,42
10009,10010,57,46,46,clean,42
10089,10090,57,46,46,clean,42
10072,10073,57,46,46,clean,42
10017,10018,57,46,46,clean,42
10111,10112,57,46,46,clean,42
10010,10011,57,46,46,clean,42
10095,10096,57,46,46,clean,42
10041,10042,57,46,46,clean,42
10030,10031,57,46,54,noisy,42
10087,10088,57,46,58,noisy,42
9999,10000,57,46,46,clean,42
10096,10097,57,46,46,clean,42
10109,10110,57,46,46,clean,42
10063,10064,57,46,46,clean,42
10039,10040,57,46,46,clean,42
10094,10095,57,46,46,clean,42
10052,10053,57,46,7,noisy,42
10043,10044,57,46,46,clean,42
10183,10184,58,47,47,clean,42
10232,10233,58,47,47,clean,42
10134,10135,58,47,37,noisy,42
10259,10260,58,47,47,clean,42
10274,10275,58,47,47,clean,42
10244,10245,58,47,30,noisy,42
10258,10259,58,47,47,clean,42
10148,10149,58,47,47,clean,42
10136,10137,58,47,73,noisy,42
10285,10286,58,47,47,clean,42
10276,10277,58,47,47,clean,42
10133,10134,58,47,47,clean,42
10173,10174,58,47,47,clean,42
10174,10175,58,47,47,clean,42
10233,10234,58,47,47,clean,42
10163,10164,58,47,47,clean,42
10242,10243,58,47,47,clean,42
10127,10128,58,47,47,clean,42
10265,10266,58,47,47,clean,42
10203,10204,58,47,53,noisy,42
10231,10232,58,47,47,clean,42
10279,10280,58,47,47,clean,42
10178,10179,58,47,47,clean,42
10305,10306,58,47,59,noisy,42
10191,10192,58,47,47,clean,42
10316,10317,59,48,48,clean,42
10321,10322,59,48,30,noisy,42
10362,10363,59,48,48,clean,42
10347,10348,59,48,48,clean,42
10329,10330,59,48,48,clean,42
10371,10372,59,48,48,clean,42
10350,10351,59,48,48,clean,42
10365,10366,59,48,48,clean,42
10328,10329,59,48,48,clean,42
10356,10357,59,48,48,clean,42
10349,10350,59,48,48,clean,42
10375,10376,59,48,16,noisy,42
10332,10333,59,48,41,noisy,42
10319,10320,59,48,48,clean,42
10369,10370,59,48,48,clean,42
10333,10334,59,48,23,noisy,42
10324,10325,59,48,48,clean,42
10322,10323,59,48,48,clean,42
10357,10358,59,48,48,clean,42
10320,10321,59,48,48,clean,42
10360,10361,59,48,6,noisy,42
10335,10336,59,48,48,clean,42
10363,10364,59,48,48,clean,42
10368,10369,59,48,48,clean,42
10341,10342,59,48,48,clean,42
10410,10411,60,49,49,clean,42
10413,10414,60,49,49,clean,42
10381,10382,60,49,49,clean,42
10390,10391,60,49,49,clean,42
10407,10408,60,49,16,noisy,42
10403,10404,60,49,49,clean,42
10383,10384,60,49,49,clean,42
10404,10405,60,49,49,clean,42
10401,10402,60,49,49,clean,42
10392,10393,60,49,44,noisy,42
10394,10395,60,49,49,clean,42
10385,10386,60,49,49,clean,42
10393,10394,60,49,49,clean,42
10389,10390,60,49,12,noisy,42
10396,10397,60,49,49,clean,42
10386,10387,60,49,49,clean,42
10409,10410,60,49,20,noisy,42
10377,10378,60,49,49,clean,42
10402,10403,60,49,49,clean,42
10382,10383,60,49,49,clean,42
10388,10389,60,49,49,clean,42
10378,10379,60,49,49,clean,42
10414,10415,60,49,42,noisy,42
10398,10399,60,49,49,clean,42
10379,10380,60,49,49,clean,42
10493,10494,61,50,50,clean,42
10570,10571,61,50,72,noisy,42
10543,10544,61,50,6,noisy,42
10470,10471,61,50,50,clean,42
10509,10510,61,50,50,clean,42
10444,10445,61,50,50,clean,42
10562,10563,61,50,50,clean,42
10466,10467,61,50,50,clean,42
10513,10514,61,50,50,clean,42
10556,10557,61,50,20,noisy,42
10434,10435,61,50,50,clean,42
10475,10476,61,50,50,clean,42
10430,10431,61,50,50,clean,42
10480,10481,61,50,50,clean,42
10439,10440,61,50,50,clean,42
10445,10446,61,50,75,noisy,42
10541,10542,61,50,50,clean,42
10516,10517,61,50,50,clean,42
10511,10512,61,50,50,clean,42
10431,10432,61,50,50,clean,42
10566,10567,61,50,50,clean,42
10433,10434,61,50,50,clean,42
10427,10428,61,50,59,noisy,42
10424,10425,61,50,50,clean,42
10446,10447,61,50,50,clean,42
10605,10606,62,51,51,clean,42
10589,10590,62,51,51,clean,42
10600,10601,62,51,51,clean,42
10591,10592,62,51,51,clean,42
10582,10583,62,51,36,noisy,42
10583,10584,62,51,51,clean,42
10593,10594,62,51,51,clean,42
10595,10596,62,51,51,clean,42
10586,10587,62,51,37,noisy,42
10574,10575,62,51,38,noisy,42
10578,10579,62,51,9,noisy,42
10590,10591,62,51,51,clean,42
10579,10580,62,51,51,clean,42
10587,10588,62,51,51,clean,42
10585,10586,62,51,51,clean,42
10598,10599,62,51,51,clean,42
10575,10576,62,51,51,clean,42
10576,10577,62,51,51,clean,42
10603,10604,62,51,51,clean,42
10577,10578,62,51,51,clean,42
10601,10602,62,51,51,clean,42
10597,10598,62,51,49,noisy,42
10604,10605,62,51,51,clean,42
10596,10597,62,51,51,clean,42
10592,10593,62,51,51,clean,42
10634,10635,63,52,52,clean,42
10622,10623,63,52,52,clean,42
10630,10631,63,52,52,clean,42
10624,10625,63,52,70,noisy,42
10615,10616,63,52,52,clean,42
10616,10617,63,52,52,clean,42
10635,10636,63,52,52,clean,42
10631,10632,63,52,52,clean,42
10619,10620,63,52,52,clean,42
10607,10608,63,52,52,clean,42
10611,10612,63,52,52,clean,42
10623,10624,63,52,52,clean,42
10612,10613,63,52,76,noisy,42
10620,10621,63,52,52,clean,42
10618,10619,63,52,17,noisy,42
10629,10630,63,52,52,clean,42
10608,10609,63,52,52,clean,42
10609,10610,63,52,52,clean,42
10632,10633,63,52,52,clean,42
10610,10611,63,52,52,clean,42
10628,10629,63,52,72,noisy,42
10633,10634,63,52,52,clean,42
10625,10626,63,52,52,clean,42
10636,10637,63,52,22,noisy,42
10627,10628,63,52,52,clean,42
10726,10727,65,53,53,clean,42
10651,10652,65,53,53,clean,42
10721,10722,65,53,53,clean,42
10673,10674,65,53,53,clean,42
10663,10664,65,53,53,clean,42
10707,10708,65,53,53,clean,42
10661,10662,65,53,53,clean,42
10669,10670,65,53,53,clean,42
10655,10656,65,53,53,clean,42
10718,10719,65,53,53,clean,42
10712,10713,65,53,53,clean,42
10715,10716,65,53,53,clean,42
10704,10705,65,53,53,clean,42
10724,10725,65,53,53,clean,42
10713,10714,65,53,53,clean,42
10717,10718,65,53,53,clean,42
10684,10685,65,53,53,clean,42
10729,10730,65,53,8,noisy,42
10705,10706,65,53,8,noisy,42
10723,10724,65,53,19,noisy,42
10662,10663,65,53,53,clean,42
10681,10682,65,53,5,noisy,42
10691,10692,65,53,53,clean,42
10679,10680,65,53,0,noisy,42
10660,10661,65,53,53,clean,42
10767,10768,66,54,54,clean,42
10737,10738,66,54,54,clean,42
10759,10760,66,54,54,clean,42
10768,10769,66,54,54,clean,42
10755,10756,66,54,54,clean,42
10765,10766,66,54,54,clean,42
10747,10748,66,54,54,clean,42
10807,10808,66,54,54,clean,42
10741,10742,66,54,54,clean,42
10749,10750,66,54,54,clean,42
10786,10787,66,54,54,clean,42
10770,10771,66,54,54,clean,42
10804,10805,66,54,6,noisy,42
10772,10773,66,54,5,noisy,42
10805,10806,66,54,54,clean,42
10782,10783,66,54,0,noisy,42
10810,10811,66,54,80,noisy,42
10798,10799,66,54,54,clean,42
10792,10793,66,54,54,clean,42
10777,10778,66,54,54,clean,42
10746,10747,66,54,54,clean,42
10801,10802,66,54,54,clean,42
10742,10743,66,54,54,clean,42
10784,10785,66,54,44,noisy,42
10771,10772,66,54,54,clean,42
10884,10885,67,55,78,noisy,42
10838,10839,67,55,55,clean,42
10888,10889,67,55,55,clean,42
10889,10890,67,55,65,noisy,42
10816,10817,67,55,10,noisy,42
10842,10843,67,55,55,clean,42
10856,10857,67,55,55,clean,42
10858,10859,67,55,55,clean,42
10826,10827,67,55,55,clean,42
10861,10862,67,55,55,clean,42
10900,10901,67,55,5,noisy,42
10871,10872,67,55,55,clean,42
10897,10898,67,55,55,clean,42
10863,10864,67,55,55,clean,42
10828,10829,67,55,55,clean,42
10820,10821,67,55,55,clean,42
10834,10835,67,55,55,clean,42
10844,10845,67,55,55,clean,42
10855,10856,67,55,47,noisy,42
10882,10883,67,55,55,clean,42
10831,10832,67,55,55,clean,42
10894,10895,67,55,55,clean,42
10895,10896,67,55,55,clean,42
10846,10847,67,55,55,clean,42
10849,10850,67,55,55,clean,42
10989,10990,68,56,56,clean,42
10921,10922,68,56,56,clean,42
10915,10916,68,56,76,noisy,42
10995,10996,68,56,56,clean,42
10975,10976,68,56,56,clean,42
10979,10980,68,56,56,clean,42
10941,10942,68,56,56,clean,42
10956,10957,68,56,33,noisy,42
11007,11008,68,56,56,clean,42
10922,10923,68,56,56,clean,42
10990,10991,68,56,56,clean,42
10991,10992,68,56,56,clean,42
10911,10912,68,56,56,clean,42
10992,10993,68,56,56,clean,42
10929,10930,68,56,56,clean,42
10981,10982,68,56,56,clean,42
10967,10968,68,56,62,noisy,42
10983,10984,68,56,56,clean,42
11018,11019,68,56,56,clean,42
10953,10954,68,56,56,clean,42
10923,10924,68,56,57,noisy,42
10947,10948,68,56,56,clean,42
10976,10977,68,56,56,clean,42
10937,10938,68,56,56,clean,42
10933,10934,68,56,8,noisy,42
11415,11416,69,57,57,clean,42
11098,11099,69,57,57,clean,42
11298,11299,69,57,57,clean,42
11325,11326,69,57,57,clean,42
11345,11346,69,57,57,clean,42
11309,11310,69,57,57,clean,42
11238,11239,69,57,57,clean,42
11102,11103,69,57,57,clean,42
11452,11453,69,57,57,clean,42
11422,11423,69,57,57,clean,42
11310,11311,69,57,39,noisy,42
11095,11096,69,57,57,clean,42
11245,11246,69,57,57,clean,42
11414,11415,69,57,63,noisy,42
11175,11176,69,57,57,clean,42
11096,11097,69,57,57,clean,42
11451,11452,69,57,57,clean,42
11212,11213,69,57,0,noisy,42
11093,11094,69,57,57,clean,42
11173,11174,69,57,49,noisy,42
11029,11030,69,57,57,clean,42
11195,11196,69,57,57,clean,42
11050,11051,69,57,57,clean,42
11431,11432,69,57,35,noisy,42
11124,11125,69,57,57,clean,42
11525,11526,71,58,58,clean,42
11531,11532,71,58,58,clean,42
11473,11474,71,58,58,clean,42
11517,11518,71,58,58,clean,42
11478,11479,71,58,58,clean,42
11509,11510,71,58,58,clean,42
11489,11490,71,58,58,clean,42
11485,11486,71,58,58,clean,42
11498,11499,71,58,58,clean,42
11534,11535,71,58,58,clean,42
11529,11530,71,58,58,clean,42
11482,11483,71,58,70,noisy,42
11513,11514,71,58,15,noisy,42
11486,11487,71,58,26,noisy,42
11507,11508,71,58,58,clean,42
11523,11524,71,58,58,clean,42
11476,11477,71,58,58,clean,42
11490,11491,71,58,14,noisy,42
11522,11523,71,58,58,clean,42
11481,11482,71,58,58,clean,42
11479,11480,71,58,58,clean,42
11506,11507,71,58,58,clean,42
11477,11478,71,58,58,clean,42
11520,11521,71,58,40,noisy,42
11492,11493,71,58,58,clean,42
11562,11563,72,59,59,clean,42
11550,11551,72,59,59,clean,42
11545,11546,72,59,59,clean,42
11563,11564,72,59,4,noisy,42
11541,11542,72,59,8,noisy,42
11576,11577,72,59,7,noisy,42
11556,11557,72,59,59,clean,42
11566,11567,72,59,59,clean,42
11567,11568,72,59,59,clean,42
11543,11544,72,59,59,clean,42
11564,11565,72,59,59,clean,42
11549,11550,72,59,59,clean,42
11554,11555,72,59,59,clean,42
11546,11547,72,59,64,noisy,42
11552,11553,72,59,59,clean,42
11570,11571,72,59,44,noisy,42
11553,11554,72,59,59,clean,42
11573,11574,72,59,59,clean,42
11572,11573,72,59,59,clean,42
11537,11538,72,59,59,clean,42
11561,11562,72,59,59,clean,42
11542,11543,72,59,59,clean,42
11548,11549,72,59,59,clean,42
11577,11578,72,59,59,clean,42
11538,11539,72,59,59,clean,42
11714,11715,73,60,60,clean,42
11694,11695,73,60,60,clean,42
11710,11711,73,60,60,clean,42
11634,11635,73,60,23,noisy,42
11674,11675,73,60,60,clean,42
11608,11609,73,60,60,clean,42
11736,11737,73,60,60,clean,42
11630,11631,73,60,60,clean,42
11680,11681,73,60,60,clean,42
11724,11725,73,60,60,clean,42
11598,11599,73,60,58,noisy,42
11664,11665,73,60,60,clean,42
11594,11595,73,60,60,clean,42
11645,11646,73,60,60,clean,42
11603,11604,73,60,60,clean,42
11609,11610,73,60,60,clean,42
11711,11712,73,60,60,clean,42
11684,11685,73,60,49,noisy,42
11731,11732,73,60,60,clean,42
11595,11596,73,60,60,clean,42
11654,11655,73,60,60,clean,42
11597,11598,73,60,60,clean,42
11591,11592,73,60,60,clean,42
11588,11589,73,60,71,noisy,42
11610,11611,73,60,19,noisy,42
11824,11825,74,61,82,noisy,42
11885,11886,74,61,61,clean,42
11774,11775,74,61,61,clean,42
11772,11773,74,61,23,noisy,42
11861,11862,74,61,61,clean,42
11803,11804,74,61,14,noisy,42
11836,11837,74,61,61,clean,42
11890,11891,74,61,61,clean,42
11896,11897,74,61,61,clean,42
11811,11812,74,61,61,clean,42
11785,11786,74,61,61,clean,42
11881,11882,74,61,36,noisy,42
11821,11822,74,61,61,clean,42
11818,11819,74,61,61,clean,42
11758,11759,74,61,61,clean,42
11762,11763,74,61,61,clean,42
11773,11774,74,61,61,clean,42
11833,11834,74,61,61,clean,42
11860,11861,74,61,61,clean,42
11880,11881,74,61,61,clean,42
11761,11762,74,61,67,noisy,42
11755,11756,74,61,61,clean,42
11752,11753,74,61,61,clean,42
11767,11768,74,61,61,clean,42
11812,11813,74,61,61,clean,42
11931,11932,75,62,62,clean,42
11934,11935,75,62,62,clean,42
11902,11903,75,62,62,clean,42
11911,11912,75,62,62,clean,42
11928,11929,75,62,62,clean,42
11924,11925,75,62,57,noisy,42
11904,11905,75,62,62,clean,42
11925,11926,75,62,62,clean,42
11922,11923,75,62,62,clean,42
11913,11914,75,62,62,clean,42
11915,11916,75,62,62,clean,42
11906,11907,75,62,62,clean,42
11914,11915,75,62,62,clean,42
11910,11911,75,62,62,clean,42
11917,11918,75,62,57,noisy,42
11907,11908,75,62,21,noisy,42
11930,11931,75,62,62,clean,42
11898,11899,75,62,62,clean,42
11923,11924,75,62,18,noisy,42
11903,11904,75,62,62,clean,42
11909,11910,75,62,62,clean,42
11899,11900,75,62,18,noisy,42
11935,11936,75,62,62,clean,42
11919,11920,75,62,62,clean,42
11900,11901,75,62,62,clean,42
12127,12128,76,63,63,clean,42
11943,11944,76,63,63,clean,42
12016,12017,76,63,63,clean,42
12142,12143,76,63,63,clean,42
12054,12055,76,63,63,clean,42
12122,12123,76,63,63,clean,42
12138,12139,76,63,63,clean,42
12104,12105,76,63,61,noisy,42
11946,11947,76,63,64,noisy,42
11967,11968,76,63,63,clean,42
12117,12118,76,63,63,clean,42
12157,12158,76,63,63,clean,42
12165,12166,76,63,63,clean,42
12153,12154,76,63,63,clean,42
12073,12074,76,63,63,clean,42
12005,12006,76,63,63,clean,42
12135,12136,76,63,63,clean,42
11952,11953,76,63,63,clean,42
12033,12034,76,63,63,clean,42
11961,11962,76,63,63,clean,42
12170,12171,76,63,15,noisy,42
11956,11957,76,63,48,noisy,42
12057,12058,76,63,69,noisy,42
12089,12090,76,63,63,clean,42
11970,11971,76,63,63,clean,42
12208,12209,77,64,64,clean,42
12204,12205,77,64,64,clean,42
12195,12196,77,64,64,clean,42
12220,12221,77,64,64,clean,42
12226,12227,77,64,64,clean,42
12216,12217,77,64,49,noisy,42
12197,12198,77,64,64,clean,42
12217,12218,77,64,64,clean,42
12215,12216,77,64,64,clean,42
12207,12208,77,64,64,clean,42
12199,12200,77,64,48,noisy,42
12206,12207,77,64,64,clean,42
12203,12204,77,64,64,clean,42
12223,12224,77,64,64,clean,42
12200,12201,77,64,64,clean,42
12210,12211,77,64,64,clean,42
12191,12192,77,64,64,clean,42
12222,12223,77,64,64,clean,42
12196,12197,77,64,64,clean,42
12202,12203,77,64,66,noisy,42
12192,12193,77,64,30,noisy,42
12218,12219,77,64,64,clean,42
12212,12213,77,64,64,clean,42
12193,12194,77,64,8,noisy,42
12227,12228,77,64,64,clean,42
12318,12319,79,65,35,noisy,42
12263,12264,79,65,65,clean,42
12362,12363,79,65,65,clean,42
12323,12324,79,65,65,clean,42
12321,12322,79,65,65,clean,42
12276,12277,79,65,65,clean,42
12309,12310,79,65,65,clean,42
12385,12386,79,65,65,clean,42
12313,12314,79,65,65,clean,42
12327,12328,79,65,32,noisy,42
12354,12355,79,65,65,clean,42
12257,12258,79,65,65,clean,42
12281,12282,79,65,65,clean,42
12254,12255,79,65,65,clean,42
12264,12265,79,65,65,clean,42
12301,12302,79,65,65,clean,42
12381,12382,79,65,65,clean,42
12314,12315,79,65,65,clean,42
12300,12301,79,65,43,noisy,42
12376,12377,79,65,65,clean,42
12274,12275,79,65,53,noisy,42
12368,12369,79,65,65,clean,42
12271,12272,79,65,79,noisy,42
12372,12373,79,65,65,clean,42
12373,12374,79,65,65,clean,42
12470,12471,81,66,66,clean,42
12503,12504,81,66,66,clean,42
12418,12419,81,66,66,clean,42
12459,12460,81,66,66,clean,42
12440,12441,81,66,66,clean,42
12530,12531,81,66,66,clean,42
12483,12484,81,66,66,clean,42
12424,12425,81,66,66,clean,42
12504,12505,81,66,66,clean,42
12487,12488,81,66,66,clean,42
12432,12433,81,66,66,clean,42
12525,12526,81,66,74,noisy,42
12425,12426,81,66,66,clean,42
12510,12511,81,66,66,clean,42
12456,12457,81,66,66,clean,42
12445,12446,81,66,28,noisy,42
12502,12503,81,66,66,clean,42
12414,12415,81,66,66,clean,42
12511,12512,81,66,66,clean,42
12523,12524,81,66,66,clean,42
12478,12479,81,66,4,noisy,42
12454,12455,81,66,10,noisy,42
12509,12510,81,66,66,clean,42
12467,12468,81,66,4,noisy,42
12458,12459,81,66,66,clean,42
12590,12591,83,67,47,noisy,42
12593,12594,83,67,67,clean,42
12550,12551,83,67,67,clean,42
12601,12602,83,67,67,clean,42
12572,12573,83,67,67,clean,42
12610,12611,83,67,67,clean,42
12619,12620,83,67,41,noisy,42
12556,12557,83,67,67,clean,42
12586,12587,83,67,67,clean,42
12653,12654,83,67,67,clean,42
12564,12565,83,67,67,clean,42
12608,12609,83,67,9,noisy,42
12557,12558,83,67,67,clean,42
12582,12583,83,67,67,clean,42
12635,12636,83,67,67,clean,42
12637,12638,83,67,67,clean,42
12655,12656,83,67,67,clean,42
12546,12547,83,67,67,clean,42
12634,12635,83,67,23,noisy,42
12650,12651,83,67,67,clean,42
12611,12612,83,67,67,clean,42
12591,12592,83,67,67,clean,42
12577,12578,83,67,26,noisy,42
12616,12617,83,67,67,clean,42
12588,12589,83,67,67,clean,42
12841,12842,84,68,72,noisy,42
12846,12847,84,68,68,clean,42
12777,12778,84,68,47,noisy,42
12731,12732,84,68,68,clean,42
12767,12768,84,68,68,clean,42
12681,12682,84,68,68,clean,42
12675,12676,84,68,55,noisy,42
12682,12683,84,68,68,clean,42
12807,12808,84,68,68,clean,42
12790,12791,84,68,68,clean,42
12775,12776,84,68,68,clean,42
12761,12762,84,68,68,clean,42
12684,12685,84,68,18,noisy,42
12830,12831,84,68,68,clean,42
12751,12752,84,68,68,clean,42
12786,12787,84,68,68,clean,42
12770,12771,84,68,68,clean,42
12732,12733,84,68,68,clean,42
12722,12723,84,68,68,clean,42
12708,12709,84,68,68,clean,42
12696,12697,84,68,68,clean,42
12690,12691,84,68,46,noisy,42
12821,12822,84,68,68,clean,42
12763,12764,84,68,68,clean,42
12734,12735,84,68,68,clean,42
13144,13145,85,69,69,clean,42
12865,12866,85,69,69,clean,42
12913,12914,85,69,69,clean,42
12916,12917,85,69,69,clean,42
12881,12882,85,69,25,noisy,42
12919,12920,85,69,69,clean,42
12948,12949,85,69,21,noisy,42
13040,13041,85,69,69,clean,42
13100,13101,85,69,75,noisy,42
12902,12903,85,69,69,clean,42
12931,12932,85,69,69,clean,42
13019,13020,85,69,3,noisy,42
13150,13151,85,69,69,clean,42
13161,13162,85,69,69,clean,42
13140,13141,85,69,69,clean,42
13145,13146,85,69,69,clean,42
12861,12862,85,69,69,clean,42
13011,13012,85,69,69,clean,42
13020,13021,85,69,69,clean,42
13024,13025,85,69,69,clean,42
12929,12930,85,69,69,clean,42
12960,12961,85,69,69,clean,42
12993,12994,85,69,69,clean,42
13062,13063,85,69,81,noisy,42
12932,12933,85,69,69,clean,42
13454,13455,86,70,54,noisy,42
13173,13174,86,70,70,clean,42
13221,13222,86,70,70,clean,42
13224,13225,86,70,70,clean,42
13189,13190,86,70,70,clean,42
13227,13228,86,70,70,clean,42
13256,13257,86,70,70,clean,42
13348,13349,86,70,80,noisy,42
13408,13409,86,70,70,clean,42
13210,13211,86,70,70,clean,42
13239,13240,86,70,70,clean,42
13327,13328,86,70,70,clean,42
13461,13462,86,70,70,clean,42
13472,13473,86,70,56,noisy,42
13450,13451,86,70,70,clean,42
13455,13456,86,70,6,noisy,42
13169,13170,86,70,70,clean,42
13319,13320,86,70,70,clean,42
13328,13329,86,70,70,clean,42
13332,13333,86,70,70,clean,42
13237,13238,86,70,70,clean,42
13268,13269,86,70,70,clean,42
13301,13302,86,70,53,noisy,42
13370,13371,86,70,70,clean,42
13240,13241,86,70,70,clean,42
13479,13480,87,71,71,clean,42
13538,13539,87,71,71,clean,42
13493,13494,87,71,71,clean,42
13475,13476,87,71,35,noisy,42
13503,13504,87,71,57,noisy,42
13547,13548,87,71,71,clean,42
13485,13486,87,71,71,clean,42
13509,13510,87,71,71,clean,42
13487,13488,87,71,71,clean,42
13530,13531,87,71,0,noisy,42
13540,13541,87,71,50,noisy,42
13506,13507,87,71,71,clean,42
13484,13485,87,71,71,clean,42
13520,13521,87,71,71,clean,42
13480,13481,87,71,71,clean,42
13497,13498,87,71,71,clean,42
13532,13533,87,71,71,clean,42
13525,13526,87,71,71,clean,42
13508,13509,87,71,40,noisy,42
13514,13515,87,71,71,clean,42
13545,13546,87,71,71,clean,42
13491,13492,87,71,71,clean,42
13510,13511,87,71,71,clean,42
13519,13520,87,71,71,clean,42
13536,13537,87,71,71,clean,42
13621,13622,88,72,72,clean,42
13825,13826,88,72,72,clean,42
13573,13574,88,72,72,clean,42
13804,13805,88,72,72,clean,42
13557,13558,88,72,72,clean,42
13649,13650,88,72,72,clean,42
13724,13725,88,72,72,clean,42
13734,13735,88,72,72,clean,42
13611,13612,88,72,11,noisy,42
13664,13665,88,72,72,clean,42
13788,13789,88,72,76,noisy,42
13623,13624,88,72,72,clean,42
13712,13713,88,72,72,clean,42
13721,13722,88,72,72,clean,42
13758,13759,88,72,72,clean,42
13632,13633,88,72,72,clean,42
13733,13734,88,72,72,clean,42
13680,13681,88,72,72,clean,42
13861,13862,88,72,18,noisy,42
13785,13786,88,72,72,clean,42
13750,13751,88,72,72,clean,42
13725,13726,88,72,72,clean,42
13745,13746,88,72,72,clean,42
13656,13657,88,72,20,noisy,42
13590,13591,88,72,3,noisy,42
13928,13929,89,73,73,clean,42
13906,13907,89,73,73,clean,42
13959,13960,89,73,73,clean,42
13884,13885,89,73,73,clean,42
13947,13948,89,73,73,clean,42
13949,13950,89,73,73,clean,42
13930,13931,89,73,73,clean,42
13908,13909,89,73,73,clean,42
13876,13877,89,73,44,noisy,42
13866,13867,89,73,73,clean,42
13897,13898,89,73,73,clean,42
13941,13942,89,73,73,clean,42
13913,13914,89,73,73,clean,42
13892,13893,89,73,73,clean,42
13910,13911,89,73,73,clean,42
13870,13871,89,73,73,clean,42
13888,13889,89,73,74,noisy,42
13878,13879,89,73,45,noisy,42
13955,13956,89,73,73,clean,42
13939,13940,89,73,73,clean,42
13915,13916,89,73,73,clean,42
13936,13937,89,73,73,clean,42
13934,13935,89,73,73,clean,42
13881,13882,89,73,19,noisy,42
13905,13906,89,73,17,noisy,42
14038,14039,90,74,74,clean,42
13963,13964,90,74,74,clean,42
14033,14034,90,74,74,clean,42
13985,13986,90,74,74,clean,42
13975,13976,90,74,74,clean,42
14019,14020,90,74,74,clean,42
13973,13974,90,74,55,noisy,42
13981,13982,90,74,55,noisy,42
13967,13968,90,74,74,clean,42
14030,14031,90,74,63,noisy,42
14024,14025,90,74,74,clean,42
14027,14028,90,74,74,clean,42
14016,14017,90,74,25,noisy,42
14036,14037,90,74,74,clean,42
14025,14026,90,74,74,clean,42
14029,14030,90,74,74,clean,42
13996,13997,90,74,74,clean,42
14041,14042,90,74,74,clean,42
14017,14018,90,74,74,clean,42
14035,14036,90,74,74,clean,42
13974,13975,90,74,74,clean,42
13993,13994,90,74,74,clean,42
14003,14004,90,74,74,clean,42
13991,13992,90,74,74,clean,42
13972,13973,90,74,13,noisy,42
14108,14109,92,75,75,clean,42
14105,14106,92,75,75,clean,42
14111,14112,92,75,75,clean,42
14077,14078,92,75,75,clean,42
14089,14090,92,75,75,clean,42
14096,14097,92,75,78,noisy,42
14082,14083,92,75,75,clean,42
14097,14098,92,75,75,clean,42
14068,14069,92,75,75,clean,42
14095,14096,92,75,38,noisy,42
14078,14079,92,75,75,clean,42
14073,14074,92,75,75,clean,42
14114,14115,92,75,75,clean,42
14071,14072,92,75,75,clean,42
14112,14113,92,75,75,clean,42
14069,14070,92,75,75,clean,42
14101,14102,92,75,75,clean,42
14098,14099,92,75,75,clean,42
14084,14085,92,75,47,noisy,42
14113,14114,92,75,24,noisy,42
14080,14081,92,75,27,noisy,42
14074,14075,92,75,75,clean,42
14081,14082,92,75,75,clean,42
14091,14092,92,75,75,clean,42
14109,14110,92,75,75,clean,42
14178,14179,93,76,45,noisy,42
14156,14157,93,76,76,clean,42
14210,14211,93,76,76,clean,42
14134,14135,93,76,76,clean,42
14197,14198,93,76,76,clean,42
14199,14200,93,76,76,clean,42
14180,14181,93,76,76,clean,42
14158,14159,93,76,76,clean,42
14126,14127,93,76,76,clean,42
14116,14117,93,76,76,clean,42
14147,14148,93,76,76,clean,42
14191,14192,93,76,76,clean,42
14163,14164,93,76,76,clean,42
14142,14143,93,76,76,clean,42
14160,14161,93,76,76,clean,42
14120,14121,93,76,76,clean,42
14138,14139,93,76,76,clean,42
14128,14129,93,76,33,noisy,42
14206,14207,93,76,76,clean,42
14189,14190,93,76,76,clean,42
14165,14166,93,76,66,noisy,42
14186,14187,93,76,24,noisy,42
14184,14185,93,76,62,noisy,42
14131,14132,93,76,76,clean,42
14155,14156,93,76,76,clean,42
14239,14240,94,77,77,clean,42
14227,14228,94,77,28,noisy,42
14222,14223,94,77,77,clean,42
14240,14241,94,77,17,noisy,42
14218,14219,94,77,55,noisy,42
14253,14254,94,77,77,clean,42
14233,14234,94,77,77,clean,42
14243,14244,94,77,77,clean,42
14244,14245,94,77,77,clean,42
14220,14221,94,77,63,noisy,42
14241,14242,94,77,77,clean,42
14226,14227,94,77,77,clean,42
14231,14232,94,77,77,clean,42
14223,14224,94,77,77,clean,42
14229,14230,94,77,77,clean,42
14247,14248,94,77,77,clean,42
14230,14231,94,77,77,clean,42
14250,14251,94,77,77,clean,42
14249,14250,94,77,77,clean,42
14214,14215,94,77,38,noisy,42
14238,14239,94,77,77,clean,42
14219,14220,94,77,77,clean,42
14225,14226,94,77,77,clean,42
14254,14255,94,77,77,clean,42
14215,14216,94,77,77,clean,42
14256,14257,95,78,78,clean,42
14261,14262,95,78,78,clean,42
14290,14291,95,78,79,noisy,42
14269,14270,95,78,78,clean,42
14301,14302,95,78,69,noisy,42
14309,14310,95,78,78,clean,42
14313,14314,95,78,78,clean,42
14281,14282,95,78,78,clean,42
14303,14304,95,78,78,clean,42
14268,14269,95,78,78,clean,42
14305,14306,95,78,78,clean,42
14259,14260,95,78,78,clean,42
14292,14293,95,78,78,clean,42
14287,14288,95,78,78,clean,42
14264,14265,95,78,58,noisy,42
14273,14274,95,78,78,clean,42
14262,14263,95,78,75,noisy,42
14260,14261,95,78,78,clean,42
14310,14311,95,78,40,noisy,42
14275,14276,95,78,78,clean,42
14286,14287,95,78,78,clean,42
14306,14307,95,78,78,clean,42
14300,14301,95,78,78,clean,42
14311,14312,95,78,78,clean,42
14271,14272,95,78,78,clean,42
14334,14335,96,79,52,noisy,42
14364,14365,96,79,79,clean,42
14363,14364,96,79,79,clean,42
14327,14328,96,79,79,clean,42
14359,14360,96,79,60,noisy,42
14320,14321,96,79,79,clean,42
14332,14333,96,79,79,clean,42
14367,14368,96,79,79,clean,42
14318,14319,96,79,79,clean,42
14347,14348,96,79,79,clean,42
14328,14329,96,79,79,clean,42
14323,14324,96,79,79,clean,42
14341,14342,96,79,79,clean,42
14321,14322,96,79,64,noisy,42
14349,14350,96,79,20,noisy,42
14319,14320,96,79,79,clean,42
14352,14353,96,79,79,clean,42
14339,14340,96,79,79,clean,42
14360,14361,96,79,79,clean,42
14348,14349,96,79,28,noisy,42
14365,14366,96,79,79,clean,42
14330,14331,96,79,79,clean,42
14324,14325,96,79,79,clean,42
14331,14332,96,79,79,clean,42
14345,14346,96,79,79,clean,42
14393,14394,97,80,45,noisy,42
14375,14376,97,80,80,clean,42
14591,14592,97,80,80,clean,42
14577,14578,97,80,80,clean,42
14605,14606,97,80,46,noisy,42
14542,14543,97,80,80,clean,42
14566,14567,97,80,80,clean,42
14589,14590,97,80,37,noisy,42
14378,14379,97,80,80,clean,42
14482,14483,97,80,80,clean,42
14414,14415,97,80,80,clean,42
14576,14577,97,80,80,clean,42
14594,14595,97,80,80,clean,42
14578,14579,97,80,80,clean,42
14451,14452,97,80,80,clean,42
14513,14514,97,80,80,clean,42
14555,14556,97,80,39,noisy,42
14384,14385,97,80,80,clean,42
14435,14436,97,80,80,clean,42
14496,14497,97,80,80,clean,42
14402,14403,97,80,80,clean,42
14388,14389,97,80,80,clean,42
14477,14478,97,80,80,clean,42
14399,14400,97,80,21,noisy,42
14552,14553,97,80,80,clean,42
14629,14630,98,81,81,clean,42
14626,14627,98,81,1,noisy,42
14625,14626,98,81,81,clean,42
14636,14637,98,81,81,clean,42
14614,14615,98,81,81,clean,42
14622,14623,98,81,81,clean,42
14647,14648,98,81,81,clean,42
14637,14638,98,81,36,noisy,42
14649,14650,98,81,81,clean,42
14616,14617,98,81,81,clean,42
14635,14636,98,81,81,clean,42
14619,14620,98,81,81,clean,42
14623,14624,98,81,50,noisy,42
14641,14642,98,81,81,clean,42
14644,14645,98,81,81,clean,42
14618,14619,98,81,42,noisy,42
14627,14628,98,81,81,clean,42
14634,14635,98,81,81,clean,42
14610,14611,98,81,81,clean,42
14643,14644,98,81,81,clean,42
14615,14616,98,81,81,clean,42
14621,14622,98,81,81,clean,42
14611,14612,98,81,81,clean,42
14639,14640,98,81,30,noisy,42
14631,14632,98,81,81,clean,42
14685,14686,99,82,10,noisy,42
14663,14664,99,82,82,clean,42
14676,14677,99,82,3,noisy,42
14680,14681,99,82,82,clean,42
14666,14667,99,82,82,clean,42
14681,14682,99,82,82,clean,42
14671,14672,99,82,82,clean,42
14662,14663,99,82,36,noisy,42
14658,14659,99,82,82,clean,42
14667,14668,99,82,82,clean,42
14659,14660,99,82,82,clean,42
14684,14685,99,82,82,clean,42
14650,14651,99,82,82,clean,42
14654,14655,99,82,65,noisy,42
14679,14680,99,82,82,clean,42
14665,14666,99,82,82,clean,42
14669,14670,99,82,82,clean,42
14655,14656,99,82,82,clean,42
14661,14662,99,82,70,noisy,42
14651,14652,99,82,82,clean,42
14674,14675,99,82,82,clean,42
14652,14653,99,82,82,clean,42
14683,14684,99,82,82,clean,42
14653,14654,99,82,82,clean,42
14682,14683,99,82,82,clean,42
