image_id,record_index,casia_identity,class_index,image_path,quality_condition,source_image_id,blur_parameter,assigned_class_index,noise_status,noise_seed
243_low,244,1,0,data\corrupted\blur_15x15_s5\images\1\244.png,low,243,15x15_s5,0,clean,42
24_low,25,1,0,data\corrupted\blur_15x15_s5\images\1\25.png,low,24,15x15_s5,0,clean,42
214_low,215,1,0,data\corrupted\blur_15x15_s5\images\1\215.png,low,214,15x15_s5,0,clean,42
167_low,168,1,0,data\corrupted\blur_15x15_s5\images\1\168.png,low,167,15x15_s5,0,clean,42
289_low,290,2,1,data\corrupted\blur_15x15_s5\images\2\290.png,low,289,15x15_s5,1,clean,42
304_low,305,2,1,data\corrupted\blur_15x15_s5\images\2\305.png,low,304,15x15_s5,1,clean,42
302_low,303,2,1,data\corrupted\blur_15x15_s5\images\2\303.png,low,302,15x15_s5,1,clean,42
276_low,277,2,1,data\corrupted\blur_15x15_s5\images\2\277.png,low,276,15x15_s5,1,clean,42
382_low,383,3,2,data\corrupted\blur_15x15_s5\images\3\383.png,low,382,15x15_s5,2,clean,42
605_low,606,3,2,data\corrupted\blur_15x15_s5\images\3\606.png,low,605,15x15_s5,2,clean,42
595_low,596,3,2,data\corrupted\blur_15x15_s5\images\3\596.png,low,595,15x15_s5,2,clean,42
517_low,518,3,2,data\corrupted\blur_15x15_s5\images\3\518.png,low,517,15x15_s5,2,clean,42
762_low,763,4,3,data\corrupted\blur_15x15_s5\images\4\763.png,low,762,15x15_s5,3,clean,42
817_low,818,4,3,data\corrupted\blur_15x15_s5\images\4\818.png,low,817,15x15_s5,3,clean,42
753_low,754,4,3,data\corrupted\blur_15x15_s5\images\4\754.png,low,753,15x15_s5,3,clean,42
805_low,806,4,3,data\corrupted\blur_15x15_s5\images\4\806.png,low,805,15x15_s5,3,clean,42
909_low,910,6,4,data\corrupted\blur_15x15_s5\images\6\910.png,low,909,15x15_s5,4,clean,42
928_low,929,6,4,data\corrupted\blur_15x15_s5\images\6\929.png,low,928,15x15_s5,4,clean,42
910_low,911,6,4,data\corrupted\blur_15x15_s5\images\6\911.png,low,910,15x15_s5,4,clean,42
975_low,976,6,4,data\corrupted\blur_15x15_s5\images\6\976.png,low,975,15x15_s5,4,clean,42
1012_low,1013,8,5,data\corrupted\blur_15x15_s5\images\8\1013.png,low,1012,15x15_s5,5,clean,42
1092_low,1093,8,5,data\corrupted\blur_15x15_s5\images\8\1093.png,low,1092,15x15_s5,5,clean,42
1237_low,1238,8,5,data\corrupted\blur_15x15_s5\images\8\1238.png,low,1237,15x15_s5,5,clean,42
1188_low,1189,8,5,data\corrupted\blur_15x15_s5\images\8\1189.png,low,1188,15x15_s5,5,clean,42
1358_low,1359,9,6,data\corrupted\blur_15x15_s5\images\9\1359.png,low,1358,15x15_s5,6,clean,42
1304_low,1305,9,6,data\corrupted\blur_15x15_s5\images\9\1305.png,low,1304,15x15_s5,6,clean,42
1353_low,1354,9,6,data\corrupted\blur_15x15_s5\images\9\1354.png,low,1353,15x15_s5,6,clean,42
1284_low,1285,9,6,data\corrupted\blur_15x15_s5\images\9\1285.png,low,1284,15x15_s5,6,clean,42
1413_low,1414,10,7,data\corrupted\blur_15x15_s5\images\10\1414.png,low,1413,15x15_s5,7,clean,42
1446_low,1447,10,7,data\corrupted\blur_15x15_s5\images\10\1447.png,low,1446,15x15_s5,7,clean,42
1489_low,1490,10,7,data\corrupted\blur_15x15_s5\images\10\1490.png,low,1489,15x15_s5,7,clean,42
1439_low,1440,10,7,data\corrupted\blur_15x15_s5\images\10\1440.png,low,1439,15x15_s5,7,clean,42
1552_low,1553,12,8,data\corrupted\blur_15x15_s5\images\12\1553.png,low,1552,15x15_s5,8,clean,42
1598_low,1599,12,8,data\corrupted\blur_15x15_s5\images\12\1599.png,low,1598,15x15_s5,8,clean,42
1603_low,1604,12,8,data\corrupted\blur_15x15_s5\images\12\1604.png,low,1603,15x15_s5,8,clean,42
1658_low,1659,12,8,data\corrupted\blur_15x15_s5\images\12\1659.png,low,1658,15x15_s5,8,clean,42
1686_low,1687,13,9,data\corrupted\blur_15x15_s5\images\13\1687.png,low,1686,15x15_s5,9,clean,42
1688_low,1689,13,9,data\corrupted\blur_15x15_s5\images\13\1689.png,low,1688,15x15_s5,9,clean,42
1743_low,1744,13,9,data\corrupted\blur_15x15_s5\images\13\1744.png,low,1743,15x15_s5,9,clean,42
1706_low,1707,13,9,data\corrupted\blur_15x15_s5\images\13\1707.png,low,1706,15x15_s5,9,clean,42
1957_low,1958,14,10,data\corrupted\blur_15x15_s5\images\14\1958.png,low,1957,15x15_s5,10,clean,42
1839_low,1840,14,10,data\corrupted\blur_15x15_s5\images\14\1840.png,low,1839,15x15_s5,10,clean,42
2108_low,2109,14,10,data\corrupted\blur_15x15_s5\images\14\2109.png,low,2108,15x15_s5,10,clean,42
2095_low,2096,14,10,data\corrupted\blur_15x15_s5\images\14\2096.png,low,2095,15x15_s5,10,clean,42
2203_low,2204,16,11,data\corrupted\blur_15x15_s5\images\16\2204.png,low,2203,15x15_s5,11,clean,42
2247_low,2248,16,11,data\corrupted\blur_15x15_s5\images\16\2248.png,low,2247,15x15_s5,11,clean,42
2182_low,2183,16,11,data\corrupted\blur_15x15_s5\images\16\2183.png,low,2182,15x15_s5,11,clean,42
2225_low,2226,16,11,data\corrupted\blur_15x15_s5\images\16\2226.png,low,2225,15x15_s5,11,clean,42
2276_low,2277,17,12,data\corrupted\blur_15x15_s5\images\17\2277.png,low,2276,15x15_s5,12,clean,42
2282_low,2283,17,12,data\corrupted\blur_15x15_s5\images\17\2283.png,low,2282,15x15_s5,12,clean,42
2279_low,2280,17,12,data\corrupted\blur_15x15_s5\images\17\2280.png,low,2279,15x15_s5,12,clean,42
2291_low,2292,17,12,data\corrupted\blur_15x15_s5\images\17\2292.png,low,2291,15x15_s5,12,clean,42
2462_low,2463,18,13,data\corrupted\blur_15x15_s5\images\18\2463.png,low,2462,15x15_s5,13,clean,42
2502_low,2503,18,13,data\corrupted\blur_15x15_s5\images\18\2503.png,low,2502,15x15_s5,13,clean,42
2708_low,2709,18,13,data\corrupted\blur_15x15_s5\images\18\2709.png,low,2708,15x15_s5,13,clean,42
2592_low,2593,18,13,data\corrupted\blur_15x15_s5\images\18\2593.png,low,2592,15x15_s5,13,clean,42
2799_low,2800,19,14,data\corrupted\blur_15x15_s5\images\19\2800.png,low,2799,15x15_s5,14,clean,42
2728_low,2729,19,14,data\corrupted\blur_15x15_s5\images\19\2729.png,low,2728,15x15_s5,14,clean,42
2722_low,2723,19,14,data\corrupted\blur_15x15_s5\images\19\2723.png,low,2722,15x15_s5,14,clean,42
2764_low,2765,19,14,data\corrupted\blur_15x15_s5\images\19\2765.png,low,2764,15x15_s5,14,clean,42
2879_low,2880,20,15,data\corrupted\blur_15x15_s5\images\20\2880.png,low,2879,15x15_s5,15,clean,42
2910_low,2911,20,15,data\corrupted\blur_15x15_s5\images\20\2911.png,low,2910,15x15_s5,15,clean,42
2902_low,2903,20,15,data\corrupted\blur_15x15_s5\images\20\2903.png,low,2902,15x15_s5,15,clean,42
2883_low,2884,20,15,data\corrupted\blur_15x15_s5\images\20\2884.png,low,2883,15x15_s5,15,clean,42
2996_low,2997,21,16,data\corrupted\blur_15x15_s5\images\21\2997.png,low,2996,15x15_s5,16,clean,42
3265_low,3266,21,16,data\corrupted\blur_15x15_s5\images\21\3266.png,low,3265,15x15_s5,16,clean,42
3281_low,3282,21,16,data\corrupted\blur_15x15_s5\images\21\3282.png,low,3281,15x15_s5,16,clean,42
2933_low,2934,21,16,data\corrupted\blur_15x15_s5\images\21\2934.png,low,2933,15x15_s5,16,clean,42
3449_low,3450,22,17,data\corrupted\blur_15x15_s5\images\22\3450.png,low,3449,15x15_s5,17,clean,42
3527_low,3528,22,17,data\corrupted\blur_15x15_s5\images\22\3528.png,low,3527,15x15_s5,17,clean,42
3437_low,3438,22,17,data\corrupted\blur_15x15_s5\images\22\3438.png,low,3437,15x15_s5,17,clean,42
3554_low,3555,22,17,data\corrupted\blur_15x15_s5\images\22\3555.png,low,3554,15x15_s5,17,clean,42
4042_low,4043,23,18,data\corrupted\blur_15x15_s5\images\23\4043.png,low,4042,15x15_s5,18,clean,42
3684_low,3685,23,18,data\corrupted\blur_15x15_s5\images\23\3685.png,low,3684,15x15_s5,18,clean,42
3970_low,3971,23,18,data\corrupted\blur_15x15_s5\images\23\3971.png,low,3970,15x15_s5,18,clean,42
3830_low,3831,23,18,data\corrupted\blur_15x15_s5\images\23\3831.png,low,3830,15x15_s5,18,clean,42
4240_low,4241,24,19,data\corrupted\blur_15x15_s5\images\24\4241.png,low,4240,15x15_s5,19,clean,42
4185_low,4186,24,19,data\corrupted\blur_15x15_s5\images\24\4186.png,low,4185,15x15_s5,19,clean,42
4301_low,4302,24,19,data\corrupted\blur_15x15_s5\images\24\4302.png,low,4301,15x15_s5,19,clean,42
4167_low,4168,24,19,data\corrupted\blur_15x15_s5\images\24\4168.png,low,4167,15x15_s5,19,clean,42
4532_low,4533,25,20,data\corrupted\blur_15x15_s5\images\25\4533.png,low,4532,15x15_s5,20,clean,42
4493_low,4494,25,20,data\corrupted\blur_15x15_s5\images\25\4494.png,low,4493,15x15_s5,20,clean,42
4465_low,4466,25,20,data\corrupted\blur_15x15_s5\images\25\4466.png,low,4465,15x15_s5,20,clean,42
4458_low,4459,25,20,data\corrupted\blur_15x15_s5\images\25\4459.png,low,4458,15x15_s5,20,clean,42
4750_low,4751,26,21,data\corrupted\blur_15x15_s5\images\26\4751.png,low,4750,15x15_s5,21,clean,42
4654_low,4655,26,21,data\corrupted\blur_15x15_s5\images\26\4655.png,low,4654,15x15_s5,21,clean,42
4674_low,4675,26,21,data\corrupted\blur_15x15_s5\images\26\4675.png,low,4674,15x15_s5,21,clean,42
4785_low,4786,26,21,data\corrupted\blur_15x15_s5\images\26\4786.png,low,4785,15x15_s5,21,clean,42
4853_low,4854,27,22,data\corrupted\blur_15x15_s5\images\27\4854.png,low,4853,15x15_s5,22,clean,42
4956_low,4957,27,22,data\corrupted\blur_15x15_s5\images\27\4957.png,low,4956,15x15_s5,22,clean,42
4833_low,4834,27,22,data\corrupted\blur_15x15_s5\images\27\4834.png,low,4833,15x15_s5,22,clean,42
4855_low,4856,27,22,data\corrupted\blur_15x15_s5\images\27\4856.png,low,4855,15x15_s5,22,clean,42
5093_low,5094,29,23,data\corrupted\blur_15x15_s5\images\29\5094.png,low,5093,15x15_s5,23,clean,42
5026_low,5027,29,23,data\corrupted\blur_15x15_s5\images\29\5027.png,low,5026,15x15_s5,23,clean,42
5080_low,5081,29,23,data\corrupted\blur_15x15_s5\images\29\5081.png,low,5080,15x15_s5,23,clean,42
5104_low,5105,29,23,data\corrupted\blur_15x15_s5\images\29\5105.png,low,5104,15x15_s5,23,clean,42
5134_low,5135,30,24,data\corrupted\blur_15x15_s5\images\30\5135.png,low,5134,15x15_s5,24,clean,42
5145_low,5146,30,24,data\corrupted\blur_15x15_s5\images\30\5146.png,low,5145,15x15_s5,24,clean,42
5169_low,5170,30,24,data\corrupted\blur_15x15_s5\images\30\5170.png,low,5169,15x15_s5,24,clean,42
5154_low,5155,30,24,data\corrupted\blur_15x15_s5\images\30\5155.png,low,5154,15x15_s5,24,clean,42
5371_low,5372,31,25,data\corrupted\blur_15x15_s5\images\31\5372.png,low,5371,15x15_s5,25,clean,42
5386_low,5387,31,25,data\corrupted\blur_15x15_s5\images\31\5387.png,low,5386,15x15_s5,25,clean,42
5200_low,5201,31,25,data\corrupted\blur_15x15_s5\images\31\5201.png,low,5200,15x15_s5,25,clean,42
5301_low,5302,31,25,data\corrupted\blur_15x15_s5\images\31\5302.png,low,5301,15x15_s5,25,clean,42
5502_low,5503,32,26,data\corrupted\blur_15x15_s5\images\32\5503.png,low,5502,15x15_s5,26,clean,42
5611_low,5612,32,26,data\corrupted\blur_15x15_s5\images\32\5612.png,low,5611,15x15_s5,26,clean,42
5544_low,5545,32,26,data\corrupted\blur_15x15_s5\images\32\5545.png,low,5544,15x15_s5,26,clean,42
5617_low,5618,32,26,data\corrupted\blur_15x15_s5\images\32\5618.png,low,5617,15x15_s5,26,clean,42
5683_low,5684,33,27,data\corrupted\blur_15x15_s5\images\33\5684.png,low,5683,15x15_s5,27,clean,42
5728_low,5729,33,27,data\corrupted\blur_15x15_s5\images\33\5729.png,low,5728,15x15_s5,27,clean,42
5758_low,5759,33,27,data\corrupted\blur_15x15_s5\images\33\5759.png,low,5758,15x15_s5,27,clean,42
5840_low,5841,33,27,data\corrupted\blur_15x15_s5\images\33\5841.png,low,5840,15x15_s5,27,clean,42
6179_low,6180,34,28,data\corrupted\blur_15x15_s5\images\34\6180.png,low,6179,15x15_s5,28,clean,42
6112_low,6113,34,28,data\corrupted\blur_15x15_s5\images\34\6113.png,low,6112,15x15_s5,28,clean,42
6069_low,6070,34,28,data\corrupted\blur_15x15_s5\images\34\6070.png,low,6069,15x15_s5,28,clean,42
5975_low,5976,34,28,data\corrupted\blur_15x15_s5\images\34\5976.png,low,5975,15x15_s5,28,clean,42
6219_low,6220,35,29,data\corrupted\blur_15x15_s5\images\35\6220.png,low,6219,15x15_s5,29,clean,42
6336_low,6337,35,29,data\corrupted\blur_15x15_s5\images\35\6337.png,low,6336,15x15_s5,29,clean,42
6203_low,6204,35,29,data\corrupted\blur_15x15_s5\images\35\6204.png,low,6203,15x15_s5,29,clean,42
6299_low,6300,35,29,data\corrupted\blur_15x15_s5\images\35\6300.png,low,6299,15x15_s5,29,clean,42
6448_low,6449,36,30,data\corrupted\blur_15x15_s5\images\36\6449.png,low,6448,15x15_s5,30,clean,42
6531_low,6532,36,30,data\corrupted\blur_15x15_s5\images\36\6532.png,low,6531,15x15_s5,30,clean,42
6561_low,6562,36,30,data\corrupted\blur_15x15_s5\images\36\6562.png,low,6561,15x15_s5,30,clean,42
6497_low,6498,36,30,data\corrupted\blur_15x15_s5\images\36\6498.png,low,6497,15x15_s5,30,clean,42
6974_low,6975,37,31,data\corrupted\blur_15x15_s5\images\37\6975.png,low,6974,15x15_s5,31,clean,42
6759_low,6760,37,31,data\corrupted\blur_15x15_s5\images\37\6760.png,low,6759,15x15_s5,31,clean,42
6796_low,6797,37,31,data\corrupted\blur_15x15_s5\images\37\6797.png,low,6796,15x15_s5,31,clean,42
6729_low,6730,37,31,data\corrupted\blur_15x15_s5\images\37\6730.png,low,6729,15x15_s5,31,clean,42
7143_low,7144,38,32,data\corrupted\blur_15x15_s5\images\38\7144.png,low,7143,15x15_s5,32,clean,42
7292_low,7293,38,32,data\corrupted\blur_15x15_s5\images\38\7293.png,low,7292,15x15_s5,32,clean,42
7210_low,7211,38,32,data\corrupted\blur_15x15_s5\images\38\7211.png,low,7210,15x15_s5,32,clean,42
7238_low,7239,38,32,data\corrupted\blur_15x15_s5\images\38\7239.png,low,7238,15x15_s5,32,clean,42
7621_low,7622,39,33,data\corrupted\blur_15x15_s5\images\39\7622.png,low,7621,15x15_s5,33,clean,42
7552_low,7553,39,33,data\corrupted\blur_15x15_s5\images\39\7553.png,low,7552,15x15_s5,33,clean,42
7625_low,7626,39,33,data\corrupted\blur_15x15_s5\images\39\7626.png,low,7625,15x15_s5,33,clean,42
7578_low,7579,39,33,data\corrupted\blur_15x15_s5\images\39\7579.png,low,7578,15x15_s5,33,clean,42
7663_low,7664,40,34,data\corrupted\blur_15x15_s5\images\40\7664.png,low,7663,15x15_s5,34,clean,42
7721_low,7722,40,34,data\corrupted\blur_15x15_s5\images\40\7722.png,low,7721,15x15_s5,34,clean,42
7690_low,7691,40,34,data\corrupted\blur_15x15_s5\images\40\7691.png,low,7690,15x15_s5,34,clean,42
7708_low,7709,40,34,data\corrupted\blur_15x15_s5\images\40\7709.png,low,7708,15x15_s5,34,clean,42
7908_low,7909,41,35,data\corrupted\blur_15x15_s5\images\41\7909.png,low,7908,15x15_s5,35,clean,42
8174_low,8175,41,35,data\corrupted\blur_15x15_s5\images\41\8175.png,low,8174,15x15_s5,35,clean,42
7862_low,7863,41,35,data\corrupted\blur_15x15_s5\images\41\7863.png,low,7862,15x15_s5,35,clean,42
7935_low,7936,41,35,data\corrupted\blur_15x15_s5\images\41\7936.png,low,7935,15x15_s5,35,clean,42
8321_low,8322,42,36,data\corrupted\blur_15x15_s5\images\42\8322.png,low,8321,15x15_s5,36,clean,42
8369_low,8370,42,36,data\corrupted\blur_15x15_s5\images\42\8370.png,low,8369,15x15_s5,36,clean,42
8364_low,8365,42,36,data\corrupted\blur_15x15_s5\images\42\8365.png,low,8364,15x15_s5,36,clean,42
8351_low,8352,42,36,data\corrupted\blur_15x15_s5\images\42\8352.png,low,8351,15x15_s5,36,clean,42
8531_low,8532,43,37,data\corrupted\blur_15x15_s5\images\43\8532.png,low,8531,15x15_s5,37,clean,42
8404_low,8405,43,37,data\corrupted\blur_15x15_s5\images\43\8405.png,low,8404,15x15_s5,37,clean,42
8413_low,8414,43,37,data\corrupted\blur_15x15_s5\images\43\8414.png,low,8413,15x15_s5,37,clean,42
8418_low,8419,43,37,data\corrupted\blur_15x15_s5\images\43\8419.png,low,8418,15x15_s5,37,clean,42
8576_low,8577,44,38,data\corrupted\blur_15x15_s5\images\44\8577.png,low,8576,15x15_s5,38,clean,42
8582_low,8583,44,38,data\corrupted\blur_15x15_s5\images\44\8583.png,low,8582,15x15_s5,38,clean,42
8561_low,8562,44,38,data\corrupted\blur_15x15_s5\images\44\8562.png,low,8561,15x15_s5,38,clean,42
8578_low,8579,44,38,data\corrupted\blur_15x15_s5\images\44\8579.png,low,8578,15x15_s5,38,clean,42
8786_low,8787,46,39,data\corrupted\blur_15x15_s5\images\46\8787.png,low,8786,15x15_s5,39,clean,42
8640_low,8641,46,39,data\corrupted\blur_15x15_s5\images\46\8641.png,low,8640,15x15_s5,39,clean,42
8652_low,8653,46,39,data\corrupted\blur_15x15_s5\images\46\8653.png,low,8652,15x15_s5,39,clean,42
8799_low,8800,46,39,data\corrupted\blur_15x15_s5\images\46\8800.png,low,8799,15x15_s5,39,clean,42
9093_low,9094,47,40,data\corrupted\blur_15x15_s5\images\47\9094.png,low,9093,15x15_s5,40,clean,42
9104_low,9105,47,40,data\corrupted\blur_15x15_s5\images\47\9105.png,low,9104,15x15_s5,40,clean,42
8964_low,8965,47,40,data\corrupted\blur_15x15_s5\images\47\8965.png,low,8964,15x15_s5,40,clean,42
9189_low,9190,47,40,data\corrupted\blur_15x15_s5\images\47\9190.png,low,9189,15x15_s5,40,clean,42
9324_low,9325,48,41,data\corrupted\blur_15x15_s5\images\48\9325.png,low,9324,15x15_s5,41,clean,42
9315_low,9316,48,41,data\corrupted\blur_15x15_s5\images\48\9316.png,low,9315,15x15_s5,41,clean,42
9340_low,9341,48,41,data\corrupted\blur_15x15_s5\images\48\9341.png,low,9340,15x15_s5,41,clean,42
9317_low,9318,48,41,data\corrupted\blur_15x15_s5\images\48\9318.png,low,9317,15x15_s5,41,clean,42
9369_low,9370,49,42,data\corrupted\blur_15x15_s5\images\49\9370.png,low,9369,15x15_s5,42,clean,42
9413_low,9414,49,42,data\corrupted\blur_15x15_s5\images\49\9414.png,low,9413,15x15_s5,42,clean,42
9393_low,9394,49,42,data\corrupted\blur_15x15_s5\images\49\9394.png,low,9393,15x15_s5,42,clean,42
9386_low,9387,49,42,data\corrupted\blur_15x15_s5\images\49\9387.png,low,9386,15x15_s5,42,clean,42
9622_low,9623,51,43,data\corrupted\blur_15x15_s5\images\51\9623.png,low,9622,15x15_s5,43,clean,42
9479_low,9480,51,43,data\corrupted\blur_15x15_s5\images\51\9480.png,low,9479,15x15_s5,43,clean,42
9488_low,9489,51,43,data\corrupted\blur_15x15_s5\images\51\9489.png,low,9488,15x15_s5,43,clean,42
9603_low,9604,51,43,data\corrupted\blur_15x15_s5\images\51\9604.png,low,9603,15x15_s5,43,clean,42
9771_low,9772,54,44,data\corrupted\blur_15x15_s5\images\54\9772.png,low,9771,15x15_s5,44,clean,42
9726_low,9727,54,44,data\corrupted\blur_15x15_s5\images\54\9727.png,low,9726,15x15_s5,44,clean,42
9822_low,9823,54,44,data\corrupted\blur_15x15_s5\images\54\9823.png,low,9822,15x15_s5,44,clean,42
9682_low,9683,54,44,data\corrupted\blur_15x15_s5\images\54\9683.png,low,9682,15x15_s5,44,clean,42
9967_low,9968,56,45,data\corrupted\blur_15x15_s5\images\56\9968.png,low,9967,15x15_s5,45,clean,42
9917_low,9918,56,45,data\corrupted\blur_15x15_s5\images\56\9918.png,low,9917,15x15_s5,45,clean,42
9858_low,9859,56,45,data\corrupted\blur_15x15_s5\images\56\9859.png,low,9858,15x15_s5,45,clean,42
9904_low,9905,56,45,data\corrupted\blur_15x15_s5\images\56\9905.png,low,9904,15x15_s5,45,clean,42
10055_low,10056,57,46,data\corrupted\blur_15x15_s5\images\57\10056.png,low,10055,15x15_s5,46,clean,42
10030_low,10031,57,46,data\corrupted\blur_15x15_s5\images\57\10031.png,low,10030,15x15_s5,46,clean,42
10087_low,10088,57,46,data\corrupted\blur_15x15_s5\images\57\10088.png,low,10087,15x15_s5,46,clean,42
10052_low,10053,57,46,data\corrupted\blur_15x15_s5\images\57\10053.png,low,10052,15x15_s5,46,clean,42
10134_low,10135,58,47,data\corrupted\blur_15x15_s5\images\58\10135.png,low,10134,15x15_s5,47,clean,42
10244_low,10245,58,47,data\corrupted\blur_15x15_s5\images\58\10245.png,low,10244,15x15_s5,47,clean,42
10203_low,10204,58,47,data\corrupted\blur_15x15_s5\images\58\10204.png,low,10203,15x15_s5,47,clean,42
10305_low,10306,58,47,data\corrupted\blur_15x15_s5\images\58\10306.png,low,10305,15x15_s5,47,clean,42
10321_low,10322,59,48,data\corrupted\blur_15x15_s5\images\59\10322.png,low,10321,15x15_s5,48,clean,42
10332_low,10333,59,48,data\corrupted\blur_15x15_s5\images\59\10333.png,low,10332,15x15_s5,48,clean,42
10333_low,10334,59,48,data\corrupted\blur_15x15_s5\images\59\10334.png,low,10333,15x15_s5,48,clean,42
10360_low,10361,59,48,data\corrupted\blur_15x15_s5\images\59\10361.png,low,10360,15x15_s5,48,clean,42
10392_low,10393,60,49,data\corrupted\blur_15x15_s5\images\60\10393.png,low,10392,15x15_s5,49,clean,42
10389_low,10390,60,49,data\corrupted\blur_15x15_s5\images\60\10390.png,low,10389,15x15_s5,49,clean,42
10409_low,10410,60,49,data\corrupted\blur_15x15_s5\images\60\10410.png,low,10409,15x15_s5,49,clean,42
10414_low,10415,60,49,data\corrupted\blur_15x15_s5\images\60\10415.png,low,10414,15x15_s5,49,clean,42
10570_low,10571,61,50,data\corrupted\blur_15x15_s5\images\61\10571.png,low,10570,15x15_s5,50,clean,42
10556_low,10557,61,50,data\corrupted\blur_15x15_s5\images\61\10557.png,low,10556,15x15_s5,50,clean,42
10445_low,10446,61,50,data\corrupted\blur_15x15_s5\images\61\10446.png,low,10445,15x15_s5,50,clean,42
10427_low,10428,61,50,data\corrupted\blur_15x15_s5\images\61\10428.png,low,10427,15x15_s5,50,clean,42
10586_low,10587,62,51,data\corrupted\blur_15x15_s5\images\62\10587.png,low,10586,15x15_s5,51,clean,42
10574_low,10575,62,51,data\corrupted\blur_15x15_s5\images\62\10575.png,low,10574,15x15_s5,51,clean,42
10578_low,10579,62,51,data\corrupted\blur_15x15_s5\images\62\10579.png,low,10578,15x15_s5,51,clean,42
10597_low,10598,62,51,data\corrupted\blur_15x15_s5\images\62\10598.png,low,10597,15x15_s5,51,clean,42
10624_low,10625,63,52,data\corrupted\blur_15x15_s5\images\63\10625.png,low,10624,15x15_s5,52,clean,42
10618_low,10619,63,52,data\corrupted\blur_15x15_s5\images\63\10619.png,low,10618,15x15_s5,52,clean,42
10628_low,10629,63,52,data\corrupted\blur_15x15_s5\images\63\10629.png,low,10628,15x15_s5,52,clean,42
10636_low,10637,63,52,data\corrupted\blur_15x15_s5\images\63\10637.png,low,10636,15x15_s5,52,clean,42
10729_low,10730,65,53,data\corrupted\blur_15x15_s5\images\65\10730.png,low,10729,15x15_s5,53,clean,42
10705_low,10706,65,53,data\corrupted\blur_15x15_s5\images\65\10706.png,low,10705,15x15_s5,53,clean,42
10723_low,10724,65,53,data\corrupted\blur_15x15_s5\images\65\10724.png,low,10723,15x15_s5,53,clean,42
10679_low,10680,65,53,data\corrupted\blur_15x15_s5\images\65\10680.png,low,10679,15x15_s5,53,clean,42
10804_low,10805,66,54,data\corrupted\blur_15x15_s5\images\66\10805.png,low,10804,15x15_s5,54,clean,42
10772_low,10773,66,54,data\corrupted\blur_15x15_s5\images\66\10773.png,low,10772,15x15_s5,54,clean,42
10782_low,10783,66,54,data\corrupted\blur_15x15_s5\images\66\10783.png,low,10782,15x15_s5,54,clean,42
10784_low,10785,66,54,data\corrupted\blur_15x15_s5\images\66\10785.png,low,10784,15x15_s5,54,clean,42
10884_low,10885,67,55,data\corrupted\blur_15x15_s5\images\67\10885.png,low,10884,15x15_s5,55,clean,42
10816_low,10817,67,55,data\corrupted\blur_15x15_s5\images\67\10817.png,low,10816,15x15_s5,55,clean,42
10900_low,10901,67,55,data\corrupted\blur_15x15_s5\images\67\10901.png,low,10900,15x15_s5,55,clean,42
10855_low,10856,67,55,data\corrupted\blur_15x15_s5\images\67\10856.png,low,10855,15x15_s5,55,clean,42
10915_low,10916,68,56,data\corrupted\blur_15x15_s5\images\68\10916.png,low,10915,15x15_s5,56,clean,42
10967_low,10968,68,56,data\corrupted\blur_15x15_s5\images\68\10968.png,low,10967,15x15_s5,56,clean,42
10923_low,10924,68,56,data\corrupted\blur_15x15_s5\images\68\10924.png,low,10923,15x15_s5,56,clean,42
10933_low,10934,68,56,data\corrupted\blur_15x15_s5\images\68\10934.png,low,10933,15x15_s5,56,clean,42
11310_low,11311,69,57,data\corrupted\blur_15x15_s5\images\69\11311.png,low,11310,15x15_s5,57,clean,42
11212_low,11213,69,57,data\corrupted\blur_15x15_s5\images\69\11213.png,low,11212,15x15_s5,57,clean,42
11173_low,11174,69,57,data\corrupted\blur_15x15_s5\images\69\11174.png,low,11173,15x15_s5,57,clean,42
11431_low,11432,69,57,data\corrupted\blur_15x15_s5\images\69\11432.png,low,11431,15x15_s5,57,clean,42
11482_low,11483,71,58,data\corrupted\blur_15x15_s5\images\71\11483.png,low,11482,15x15_s5,58,clean,42
11513_low,11514,71,58,data\corrupted\blur_15x15_s5\images\71\11514.png,low,11513,15x15_s5,58,clean,42
11490_low,11491,71,58,data\corrupted\blur_15x15_s5\images\71\11491.png,low,11490,15x15_s5,58,clean,42
11520_low,11521,71,58,data\corrupted\blur_15x15_s5\images\71\11521.png,low,11520,15x15_s5,58,clean,42
11563_low,11564,72,59,data\corrupted\blur_15x15_s5\images\72\11564.png,low,11563,15x15_s5,59,clean,42
11576_low,11577,72,59,data\corrupted\blur_15x15_s5\images\72\11577.png,low,11576,15x15_s5,59,clean,42
11546_low,11547,72,59,data\corrupted\blur_15x15_s5\images\72\11547.png,low,11546,15x15_s5,59,clean,42
11570_low,11571,72,59,data\corrupted\blur_15x15_s5\images\72\11571.png,low,11570,15x15_s5,59,clean,42
11634_low,11635,73,60,data\corrupted\blur_15x15_s5\images\73\11635.png,low,11634,15x15_s5,60,clean,42
11598_low,11599,73,60,data\corrupted\blur_15x15_s5\images\73\11599.png,low,11598,15x15_s5,60,clean,42
11588_low,11589,73,60,data\corrupted\blur_15x15_s5\images\73\11589.png,low,11588,15x15_s5,60,clean,42
11610_low,11611,73,60,data\corrupted\blur_15x15_s5\images\73\11611.png,low,11610,15x15_s5,60,clean,42
11824_low,11825,74,61,data\corrupted\blur_15x15_s5\images\74\11825.png,low,11824,15x15_s5,61,clean,42
11772_low,11773,74,61,data\corrupted\blur_15x15_s5\images\74\11773.png,low,11772,15x15_s5,61,clean,42
11803_low,11804,74,61,data\corrupted\blur_15x15_s5\images\74\11804.png,low,11803,15x15_s5,61,clean,42
11761_low,11762,74,61,data\corrupted\blur_15x15_s5\images\74\11762.png,low,11761,15x15_s5,61,clean,42
11924_low,11925,75,62,data\corrupted\blur_15x15_s5\images\75\11925.png,low,11924,15x15_s5,62,clean,42
11917_low,11918,75,62,data\corrupted\blur_15x15_s5\images\75\11918.png,low,11917,15x15_s5,62,clean,42
11907_low,11908,75,62,data\corrupted\blur_15x15_s5\images\75\11908.png,low,11907,15x15_s5,62,clean,42
11923_low,11924,75,62,data\corrupted\blur_15x15_s5\images\75\11924.png,low,11923,15x15_s5,62,clean,42
12104_low,12105,76,63,data\corrupted\blur_15x15_s5\images\76\12105.png,low,12104,15x15_s5,63,clean,42
11946_low,11947,76,63,data\corrupted\blur_15x15_s5\images\76\11947.png,low,11946,15x15_s5,63,clean,42
12170_low,12171,76,63,data\corrupted\blur_15x15_s5\images\76\12171.png,low,12170,15x15_s5,63,clean,42
11956_low,11957,76,63,data\corrupted\blur_15x15_s5\images\76\11957.png,low,11956,15x15_s5,63,clean,42
12216_low,12217,77,64,data\corrupted\blur_15x15_s5\images\77\12217.png,low,12216,15x15_s5,64,clean,42
12199_low,12200,77,64,data\corrupted\blur_15x15_s5\images\77\12200.png,low,12199,15x15_s5,64,clean,42
12192_low,12193,77,64,data\corrupted\blur_15x15_s5\images\77\12193.png,low,12192,15x15_s5,64,clean,42
12193_low,12194,77,64,data\corrupted\blur_15x15_s5\images\77\12194.png,low,12193,15x15_s5,64,clean,42
12318_low,12319,79,65,data\corrupted\blur_15x15_s5\images\79\12319.png,low,12318,15x15_s5,65,clean,42
12327_low,12328,79,65,data\corrupted\blur_15x15_s5\images\79\12328.png,low,12327,15x15_s5,65,clean,42
12300_low,12301,79,65,data\corrupted\blur_15x15_s5\images\79\12301.png,low,12300,15x15_s5,65,clean,42
12271_low,12272,79,65,data\corrupted\blur_15x15_s5\images\79\12272.png,low,12271,15x15_s5,65,clean,42
12525_low,12526,81,66,data\corrupted\blur_15x15_s5\images\81\12526.png,low,12525,15x15_s5,66,clean,42
12445_low,12446,81,66,data\corrupted\blur_15x15_s5\images\81\12446.png,low,12445,15x15_s5,66,clean,42
12478_low,12479,81,66,data\corrupted\blur_15x15_s5\images\81\12479.png,low,12478,15x15_s5,66,clean,42
12467_low,12468,81,66,data\corrupted\blur_15x15_s5\images\81\12468.png,low,12467,15x15_s5,66,clean,42
12590_low,12591,83,67,data\corrupted\blur_15x15_s5\images\83\12591.png,low,12590,15x15_s5,67,clean,42
12619_low,12620,83,67,data\corrupted\blur_15x15_s5\images\83\12620.png,low,12619,15x15_s5,67,clean,42
12608_low,12609,83,67,data\corrupted\blur_15x15_s5\images\83\12609.png,low,12608,15x15_s5,67,clean,42
12634_low,12635,83,67,data\corrupted\blur_15x15_s5\images\83\12635.png,low,12634,15x15_s5,67,clean,42
12841_low,12842,84,68,data\corrupted\blur_15x15_s5\images\84\12842.png,low,12841,15x15_s5,68,clean,42
12777_low,12778,84,68,data\corrupted\blur_15x15_s5\images\84\12778.png,low,12777,15x15_s5,68,clean,42
12684_low,12685,84,68,data\corrupted\blur_15x15_s5\images\84\12685.png,low,12684,15x15_s5,68,clean,42
12690_low,12691,84,68,data\corrupted\blur_15x15_s5\images\84\12691.png,low,12690,15x15_s5,68,clean,42
12881_low,12882,85,69,data\corrupted\blur_15x15_s5\images\85\12882.png,low,12881,15x15_s5,69,clean,42
12948_low,12949,85,69,data\corrupted\blur_15x15_s5\images\85\12949.png,low,12948,15x15_s5,69,clean,42
13100_low,13101,85,69,data\corrupted\blur_15x15_s5\images\85\13101.png,low,13100,15x15_s5,69,clean,42
13062_low,13063,85,69,data\corrupted\blur_15x15_s5\images\85\13063.png,low,13062,15x15_s5,69,clean,42
13454_low,13455,86,70,data\corrupted\blur_15x15_s5\images\86\13455.png,low,13454,15x15_s5,70,clean,42
13348_low,13349,86,70,data\corrupted\blur_15x15_s5\images\86\13349.png,low,13348,15x15_s5,70,clean,42
13472_low,13473,86,70,data\corrupted\blur_15x15_s5\images\86\13473.png,low,13472,15x15_s5,70,clean,42
13455_low,13456,86,70,data\corrupted\blur_15x15_s5\images\86\13456.png,low,13455,15x15_s5,70,clean,42
13503_low,13504,87,71,data\corrupted\blur_15x15_s5\images\87\13504.png,low,13503,15x15_s5,71,clean,42
13530_low,13531,87,71,data\corrupted\blur_15x15_s5\images\87\13531.png,low,13530,15x15_s5,71,clean,42
13540_low,13541,87,71,data\corrupted\blur_15x15_s5\images\87\13541.png,low,13540,15x15_s5,71,clean,42
13508_low,13509,87,71,data\corrupted\blur_15x15_s5\images\87\13509.png,low,13508,15x15_s5,71,clean,42
13611_low,13612,88,72,data\corrupted\blur_15x15_s5\images\88\13612.png,low,13611,15x15_s5,72,clean,42
13788_low,13789,88,72,data\corrupted\blur_15x15_s5\images\88\13789.png,low,13788,15x15_s5,72,clean,42
13861_low,13862,88,72,data\corrupted\blur_15x15_s5\images\88\13862.png,low,13861,15x15_s5,72,clean,42
13656_low,13657,88,72,data\corrupted\blur_15x15_s5\images\88\13657.png,low,13656,15x15_s5,72,clean,42
13876_low,13877,89,73,data\corrupted\blur_15x15_s5\images\89\13877.png,low,13876,15x15_s5,73,clean,42
13888_low,13889,89,73,data\corrupted\blur_15x15_s5\images\89\13889.png,low,13888,15x15_s5,73,clean,42
13878_low,13879,89,73,data\corrupted\blur_15x15_s5\images\89\13879.png,low,13878,15x15_s5,73,clean,42
13881_low,13882,89,73,data\corrupted\blur_15x15_s5\images\89\13882.png,low,13881,15x15_s5,73,clean,42
13973_low,13974,90,74,data\corrupted\blur_15x15_s5\images\90\13974.png,low,13973,15x15_s5,74,clean,42
13981_low,13982,90,74,data\corrupted\blur_15x15_s5\images\90\13982.png,low,13981,15x15_s5,74,clean,42
14030_low,14031,90,74,data\corrupted\blur_15x15_s5\images\90\14031.png,low,14030,15x15_s5,74,clean,42
14016_low,14017,90,74,data\corrupted\blur_15x15_s5\images\90\14017.png,low,14016,15x15_s5,74,clean,42
14096_low,14097,92,75,data\corrupted\blur_15x15_s5\images\92\14097.png,low,14096,15x15_s5,75,clean,42
14095_low,14096,92,75,data\corrupted\blur_15x15_s5\images\92\14096.png,low,14095,15x15_s5,75,clean,42
14113_low,14114,92,75,data\corrupted\blur_15x15_s5\images\92\14114.png,low,14113,15x15_s5,75,clean,42
14080_low,14081,92,75,data\corrupted\blur_15x15_s5\images\92\14081.png,low,14080,15x15_s5,75,clean,42
14128_low,14129,93,76,data\corrupted\blur_15x15_s5\images\93\14129.png,low,14128,15x15_s5,76,clean,42
14165_low,14166,93,76,data\corrupted\blur_15x15_s5\images\93\14166.png,low,14165,15x15_s5,76,clean,42
14186_low,14187,93,76,data\corrupted\blur_15x15_s5\images\93\14187.png,low,14186,15x15_s5,76,clean,42
14184_low,14185,93,76,data\corrupted\blur_15x15_s5\images\93\14185.png,low,14184,15x15_s5,76,clean,42
14227_low,14228,94,77,data\corrupted\blur_15x15_s5\images\94\14228.png,low,14227,15x15_s5,77,clean,42
14218_low,14219,94,77,data\corrupted\blur_15x15_s5\images\94\14219.png,low,14218,15x15_s5,77,clean,42
14220_low,14221,94,77,data\corrupted\blur_15x15_s5\images\94\14221.png,low,14220,15x15_s5,77,clean,42
14214_low,14215,94,77,data\corrupted\blur_15x15_s5\images\94\14215.png,low,14214,15x15_s5,77,clean,42
14290_low,14291,95,78,data\corrupted\blur_15x15_s5\images\95\14291.png,low,14290,15x15_s5,78,clean,42
14301_low,14302,95,78,data\corrupted\blur_15x15_s5\images\95\14302.png,low,14301,15x15_s5,78,clean,42
14264_low,14265,95,78,data\corrupted\blur_15x15_s5\images\95\14265.png,low,14264,15x15_s5,78,clean,42
14262_low,14263,95,78,data\corrupted\blur_15x15_s5\images\95\14263.png,low,14262,15x15_s5,78,clean,42
14334_low,14335,96,79,data\corrupted\blur_15x15_s5\images\96\14335.png,low,14334,15x15_s5,79,clean,42
14359_low,14360,96,79,data\corrupted\blur_15x15_s5\images\96\14360.png,low,14359,15x15_s5,79,clean,42
14321_low,14322,96,79,data\corrupted\blur_15x15_s5\images\96\14322.png,low,14321,15x15_s5,79,clean,42
14349_low,14350,96,79,data\corrupted\blur_15x15_s5\images\96\14350.png,low,14349,15x15_s5,79,clean,42
14393_low,14394,97,80,data\corrupted\blur_15x15_s5\images\97\14394.png,low,14393,15x15_s5,80,clean,42
14589_low,14590,97,80,data\corrupted\blur_15x15_s5\images\97\14590.png,low,14589,15x15_s5,80,clean,42
14555_low,14556,97,80,data\corrupted\blur_15x15_s5\images\97\14556.png,low,14555,15x15_s5,80,clean,42
14399_low,14400,97,80,data\corrupted\blur_15x15_s5\images\97\14400.png,low,14399,15x15_s5,80,clean,42
14626_low,14627,98,81,data\corrupted\blur_15x15_s5\images\98\14627.png,low,14626,15x15_s5,81,clean,42
14637_low,14638,98,81,data\corrupted\blur_15x15_s5\images\98\14638.png,low,14637,15x15_s5,81,clean,42
14623_low,14624,98,81,data\corrupted\blur_15x15_s5\images\98\14624.png,low,14623,15x15_s5,81,clean,42
14618_low,14619,98,81,data\corrupted\blur_15x15_s5\images\98\14619.png,low,14618,15x15_s5,81,clean,42
14685_low,14686,99,82,data\corrupted\blur_15x15_s5\images\99\14686.png,low,14685,15x15_s5,82,clean,42
14662_low,14663,99,82,data\corrupted\blur_15x15_s5\images\99\14663.png,low,14662,15x15_s5,82,clean,42
14654_low,14655,99,82,data\corrupted\blur_15x15_s5\images\99\14655.png,low,14654,15x15_s5,82,clean,42
14661_low,14662,99,82,data\corrupted\blur_15x15_s5\images\99\14662.png,low,14661,15x15_s5,82,clean,42
