image_id,record_index,image_path,casia_identity,class_index,split
243,244,images/1/244.png,1,0,train
21,22,images/1/22.png,1,0,train
94,95,images/1/95.png,1,0,train
221,222,images/1/222.png,1,0,train
132,133,images/1/133.png,1,0,train
200,201,images/1/201.png,1,0,train
257,258,images/1/258.png,1,0,train
182,183,images/1/183.png,1,0,train
24,25,images/1/25.png,1,0,train
45,46,images/1/46.png,1,0,train
195,196,images/1/196.png,1,0,train
237,238,images/1/238.png,1,0,train
245,246,images/1/246.png,1,0,train
232,233,images/1/233.png,1,0,train
151,152,images/1/152.png,1,0,train
83,84,images/1/84.png,1,0,train
214,215,images/1/215.png,1,0,train
30,31,images/1/31.png,1,0,train
111,112,images/1/112.png,1,0,train
39,40,images/1/40.png,1,0,train
250,251,images/1/251.png,1,0,train
34,35,images/1/35.png,1,0,train
135,136,images/1/136.png,1,0,train
167,168,images/1/168.png,1,0,train
48,49,images/1/49.png,1,0,train
293,294,images/2/294.png,2,1,train
271,272,images/2/272.png,2,1,train
318,319,images/2/319.png,2,1,train
275,276,images/2/276.png,2,1,train
324,325,images/2/325.png,2,1,train
289,290,images/2/290.png,2,1,train
281,282,images/2/282.png,2,1,train
304,305,images/2/305.png,2,1,train
315,316,images/2/316.png,2,1,train
283,284,images/2/284.png,2,1,train
302,303,images/2/303.png,2,1,train
280,281,images/2/281.png,2,1,train
330,331,images/2/331.png,2,1,train
276,277,images/2/277.png,2,1,train
339,340,images/2/340.png,2,1,train
301,302,images/2/302.png,2,1,train
328,329,images/2/329.png,2,1,train
306,307,images/2/307.png,2,1,train
327,328,images/2/328.png,2,1,train
317,318,images/2/318.png,2,1,train
287,288,images/2/288.png,2,1,train
305,306,images/2/306.png,2,1,train
313,314,images/2/314.png,2,1,train
299,300,images/2/300.png,2,1,train
278,279,images/2/279.png,2,1,train
410,411,images/3/411.png,3,2,train
558,559,images/3/559.png,3,2,train
724,725,images/3/725.png,3,2,train
373,374,images/3/374.png,3,2,train
382,383,images/3/383.png,3,2,train
417,418,images/3/418.png,3,2,train
477,478,images/3/478.png,3,2,train
671,672,images/3/672.png,3,2,train
705,706,images/3/706.png,3,2,train
605,606,images/3/606.png,3,2,train
704,705,images/3/705.png,3,2,train
418,419,images/3/419.png,3,2,train
623,624,images/3/624.png,3,2,train
726,727,images/3/727.png,3,2,train
495,496,images/3/496.png,3,2,train
595,596,images/3/596.png,3,2,train
517,518,images/3/518.png,3,2,train
691,692,images/3/692.png,3,2,train
349,350,images/3/350.png,3,2,train
535,536,images/3/536.png,3,2,train
395,396,images/3/396.png,3,2,train
739,740,images/3/740.png,3,2,train
593,594,images/3/594.png,3,2,train
572,573,images/3/573.png,3,2,train
702,703,images/3/703.png,3,2,train
748,749,images/4/749.png,4,3,train
807,808,images/4/808.png,4,3,train
762,763,images/4/763.png,4,3,train
744,745,images/4/745.png,4,3,train
772,773,images/4/773.png,4,3,train
817,818,images/4/818.png,4,3,train
754,755,images/4/755.png,4,3,train
778,779,images/4/779.png,4,3,train
756,757,images/4/757.png,4,3,train
799,800,images/4/800.png,4,3,train
809,810,images/4/810.png,4,3,train
775,776,images/4/776.png,4,3,train
753,754,images/4/754.png,4,3,train
789,790,images/4/790.png,4,3,train
749,750,images/4/750.png,4,3,train
766,767,images/4/767.png,4,3,train
801,802,images/4/802.png,4,3,train
794,795,images/4/795.png,4,3,train
777,778,images/4/778.png,4,3,train
783,784,images/4/784.png,4,3,train
814,815,images/4/815.png,4,3,train
760,761,images/4/761.png,4,3,train
779,780,images/4/780.png,4,3,train
788,789,images/4/789.png,4,3,train
805,806,images/4/806.png,4,3,train
948,949,images/6/949.png,6,4,train
947,948,images/6/948.png,6,4,train
855,856,images/6/856.png,6,4,train
869,870,images/6/870.png,6,4,train
966,967,images/6/967.png,6,4,train
909,910,images/6/910.png,6,4,train
907,908,images/6/908.png,6,4,train
958,959,images/6/959.png,6,4,train
976,977,images/6/977.png,6,4,train
928,929,images/6/929.png,6,4,train
927,928,images/6/928.png,6,4,train
888,889,images/6/889.png,6,4,train
912,913,images/6/913.png,6,4,train
910,911,images/6/911.png,6,4,train
874,875,images/6/875.png,6,4,train
885,886,images/6/886.png,6,4,train
870,871,images/6/871.png,6,4,train
862,863,images/6/863.png,6,4,train
975,976,images/6/976.png,6,4,train
899,900,images/6/900.png,6,4,train
968,969,images/6/969.png,6,4,train
847,848,images/6/848.png,6,4,train
952,953,images/6/953.png,6,4,train
879,880,images/6/880.png,6,4,train
932,933,images/6/933.png,6,4,train
1039,1040,images/8/1040.png,8,5,train
1012,1013,images/8/1013.png,8,5,train
1187,1188,images/8/1188.png,8,5,train
1092,1093,images/8/1093.png,8,5,train
1161,1162,images/8/1162.png,8,5,train
1184,1185,images/8/1185.png,8,5,train
1200,1201,images/8/1201.png,8,5,train
1110,1111,images/8/1111.png,8,5,train
1015,1016,images/8/1016.png,8,5,train
1240,1241,images/8/1241.png,8,5,train
1237,1238,images/8/1238.png,8,5,train
1219,1220,images/8/1220.png,8,5,train
1243,1244,images/8/1244.png,8,5,train
1179,1180,images/8/1180.png,8,5,train
1072,1073,images/8/1073.png,8,5,train
1228,1229,images/8/1229.png,8,5,train
1225,1226,images/8/1226.png,8,5,train
1021,1022,images/8/1022.png,8,5,train
1188,1189,images/8/1189.png,8,5,train
1030,1031,images/8/1031.png,8,5,train
1126,1127,images/8/1127.png,8,5,train
1025,1026,images/8/1026.png,8,5,train
1118,1119,images/8/1119.png,8,5,train
1073,1074,images/8/1074.png,8,5,train
1227,1228,images/8/1228.png,8,5,train
1358,1359,images/9/1359.png,9,6,train
1361,1362,images/9/1362.png,9,6,train
1394,1395,images/9/1395.png,9,6,train
1308,1309,images/9/1309.png,9,6,train
1347,1348,images/9/1348.png,9,6,train
1282,1283,images/9/1283.png,9,6,train
1354,1355,images/9/1355.png,9,6,train
1304,1305,images/9/1305.png,9,6,train
1353,1354,images/9/1354.png,9,6,train
1395,1396,images/9/1396.png,9,6,train
1272,1273,images/9/1273.png,9,6,train
1337,1338,images/9/1338.png,9,6,train
1268,1269,images/9/1269.png,9,6,train
1319,1320,images/9/1320.png,9,6,train
1277,1278,images/9/1278.png,9,6,train
1283,1284,images/9/1284.png,9,6,train
1381,1382,images/9/1382.png,9,6,train
1400,1401,images/9/1401.png,9,6,train
1351,1352,images/9/1352.png,9,6,train
1269,1270,images/9/1270.png,9,6,train
1328,1329,images/9/1329.png,9,6,train
1271,1272,images/9/1272.png,9,6,train
1265,1266,images/9/1266.png,9,6,train
1262,1263,images/9/1263.png,9,6,train
1284,1285,images/9/1285.png,9,6,train
1496,1497,images/10/1497.png,10,7,train
1466,1467,images/10/1467.png,10,7,train
1483,1484,images/10/1484.png,10,7,train
1458,1459,images/10/1459.png,10,7,train
1457,1458,images/10/1458.png,10,7,train
1452,1453,images/10/1453.png,10,7,train
1435,1436,images/10/1436.png,10,7,train
1493,1494,images/10/1494.png,10,7,train
1423,1424,images/10/1424.png,10,7,train
1413,1414,images/10/1414.png,10,7,train
1431,1432,images/10/1432.png,10,7,train
1443,1444,images/10/1444.png,10,7,train
1486,1487,images/10/1487.png,10,7,train
1446,1447,images/10/1447.png,10,7,train
1503,1504,images/10/1504.png,10,7,train
1417,1418,images/10/1418.png,10,7,train
1489,1490,images/10/1490.png,10,7,train
1490,1491,images/10/1491.png,10,7,train
1425,1426,images/10/1426.png,10,7,train
1444,1445,images/10/1445.png,10,7,train
1468,1469,images/10/1469.png,10,7,train
1501,1502,images/10/1502.png,10,7,train
1439,1440,images/10/1440.png,10,7,train
1455,1456,images/10/1456.png,10,7,train
1482,1483,images/10/1483.png,10,7,train
1665,1666,images/12/1666.png,12,8,train
1553,1554,images/12/1554.png,12,8,train
1615,1616,images/12/1616.png,12,8,train
1630,1631,images/12/1631.png,12,8,train
1590,1591,images/12/1591.png,12,8,train
1546,1547,images/12/1547.png,12,8,train
1632,1633,images/12/1633.png,12,8,train
1599,1600,images/12/1600.png,12,8,train
1600,1601,images/12/1601.png,12,8,train
1552,1553,images/12/1553.png,12,8,train
1585,1586,images/12/1586.png,12,8,train
1611,1612,images/12/1612.png,12,8,train
1627,1628,images/12/1628.png,12,8,train
1649,1650,images/12/1650.png,12,8,train
1664,1665,images/12/1665.png,12,8,train
1598,1599,images/12/1599.png,12,8,train
1561,1562,images/12/1562.png,12,8,train
1603,1604,images/12/1604.png,12,8,train
1658,1659,images/12/1659.png,12,8,train
1607,1608,images/12/1608.png,12,8,train
1545,1546,images/12/1546.png,12,8,train
1652,1653,images/12/1653.png,12,8,train
1643,1644,images/12/1644.png,12,8,train
1646,1647,images/12/1647.png,12,8,train
1589,1590,images/12/1590.png,12,8,train
1698,1699,images/13/1699.png,13,9,train
1676,1677,images/13/1677.png,13,9,train
1725,1726,images/13/1726.png,13,9,train
1680,1681,images/13/1681.png,13,9,train
1730,1731,images/13/1731.png,13,9,train
1694,1695,images/13/1695.png,13,9,train
1686,1687,images/13/1687.png,13,9,train
1709,1710,images/13/1710.png,13,9,train
1721,1722,images/13/1722.png,13,9,train
1688,1689,images/13/1689.png,13,9,train
1707,1708,images/13/1708.png,13,9,train
1685,1686,images/13/1686.png,13,9,train
1743,1744,images/13/1744.png,13,9,train
1681,1682,images/13/1682.png,13,9,train
1738,1739,images/13/1739.png,13,9,train
1706,1707,images/13/1707.png,13,9,train
1734,1735,images/13/1735.png,13,9,train
1711,1712,images/13/1712.png,13,9,train
1733,1734,images/13/1734.png,13,9,train
1723,1724,images/13/1724.png,13,9,train
1692,1693,images/13/1693.png,13,9,train
1710,1711,images/13/1711.png,13,9,train
1718,1719,images/13/1719.png,13,9,train
1704,1705,images/13/1705.png,13,9,train
1683,1684,images/13/1684.png,13,9,train
2031,2032,images/14/2032.png,14,10,train
2027,2028,images/14/2028.png,14,10,train
1779,1780,images/14/1780.png,14,10,train
1957,1958,images/14/1958.png,14,10,train
1839,1840,images/14/1840.png,14,10,train
1830,1831,images/14/1831.png,14,10,train
2137,2138,images/14/2138.png,14,10,train
1840,1841,images/14/1841.png,14,10,train
1971,1972,images/14/1972.png,14,10,train
1872,1873,images/14/1873.png,14,10,train
1755,1756,images/14/1756.png,14,10,train
2108,2109,images/14/2109.png,14,10,train
1802,1803,images/14/1803.png,14,10,train
1818,1819,images/14/1819.png,14,10,train
1878,1879,images/14/1879.png,14,10,train
1788,1789,images/14/1789.png,14,10,train
2001,2002,images/14/2002.png,14,10,train
2023,2024,images/14/2024.png,14,10,train
1978,1979,images/14/1979.png,14,10,train
1954,1955,images/14/1955.png,14,10,train
1823,1824,images/14/1824.png,14,10,train
1761,1762,images/14/1762.png,14,10,train
2139,2140,images/14/2140.png,14,10,train
2095,2096,images/14/2096.png,14,10,train
1746,1747,images/14/1747.png,14,10,train
2253,2254,images/16/2254.png,16,11,train
2223,2224,images/16/2224.png,16,11,train
2240,2241,images/16/2241.png,16,11,train
2215,2216,images/16/2216.png,16,11,train
2214,2215,images/16/2215.png,16,11,train
2209,2210,images/16/2210.png,16,11,train
2192,2193,images/16/2193.png,16,11,train
2250,2251,images/16/2251.png,16,11,train
2180,2181,images/16/2181.png,16,11,train
2170,2171,images/16/2171.png,16,11,train
2188,2189,images/16/2189.png,16,11,train
2200,2201,images/16/2201.png,16,11,train
2243,2244,images/16/2244.png,16,11,train
2203,2204,images/16/2204.png,16,11,train
2260,2261,images/16/2261.png,16,11,train
2174,2175,images/16/2175.png,16,11,train
2246,2247,images/16/2247.png,16,11,train
2247,2248,images/16/2248.png,16,11,train
2182,2183,images/16/2183.png,16,11,train
2201,2202,images/16/2202.png,16,11,train
2225,2226,images/16/2226.png,16,11,train
2258,2259,images/16/2259.png,16,11,train
2196,2197,images/16/2197.png,16,11,train
2212,2213,images/16/2213.png,16,11,train
2239,2240,images/16/2240.png,16,11,train
2287,2288,images/17/2288.png,17,12,train
2283,2284,images/17/2284.png,17,12,train
2274,2275,images/17/2275.png,17,12,train
2299,2300,images/17/2300.png,17,12,train
2305,2306,images/17/2306.png,17,12,train
2295,2296,images/17/2296.png,17,12,train
2276,2277,images/17/2277.png,17,12,train
2296,2297,images/17/2297.png,17,12,train
2294,2295,images/17/2295.png,17,12,train
2286,2287,images/17/2287.png,17,12,train
2278,2279,images/17/2279.png,17,12,train
2285,2286,images/17/2286.png,17,12,train
2282,2283,images/17/2283.png,17,12,train
2302,2303,images/17/2303.png,17,12,train
2279,2280,images/17/2280.png,17,12,train
2289,2290,images/17/2290.png,17,12,train
2270,2271,images/17/2271.png,17,12,train
2301,2302,images/17/2302.png,17,12,train
2275,2276,images/17/2276.png,17,12,train
2281,2282,images/17/2282.png,17,12,train
2271,2272,images/17/2272.png,17,12,train
2297,2298,images/17/2298.png,17,12,train
2291,2292,images/17/2292.png,17,12,train
2272,2273,images/17/2273.png,17,12,train
2306,2307,images/17/2307.png,17,12,train
2377,2378,images/18/2378.png,18,13,train
2525,2526,images/18/2526.png,18,13,train
2565,2566,images/18/2566.png,18,13,train
2340,2341,images/18/2341.png,18,13,train
2349,2350,images/18/2350.png,18,13,train
2384,2385,images/18/2385.png,18,13,train
2444,2445,images/18/2445.png,18,13,train
2640,2641,images/18/2641.png,18,13,train
2552,2553,images/18/2553.png,18,13,train
2573,2574,images/18/2574.png,18,13,train
2673,2674,images/18/2674.png,18,13,train
2385,2386,images/18/2386.png,18,13,train
2591,2592,images/18/2592.png,18,13,train
2695,2696,images/18/2696.png,18,13,train
2462,2463,images/18/2463.png,18,13,train
2491,2492,images/18/2492.png,18,13,train
2484,2485,images/18/2485.png,18,13,train
2538,2539,images/18/2539.png,18,13,train
2316,2317,images/18/2317.png,18,13,train
2502,2503,images/18/2503.png,18,13,train
2362,2363,images/18/2363.png,18,13,train
2708,2709,images/18/2709.png,18,13,train
2592,2593,images/18/2593.png,18,13,train
2541,2542,images/18/2542.png,18,13,train
2587,2588,images/18/2588.png,18,13,train
2797,2798,images/19/2798.png,19,14,train
2799,2800,images/19/2800.png,19,14,train
2810,2811,images/19/2811.png,19,14,train
2828,2829,images/19/2829.png,19,14,train
2742,2743,images/19/2743.png,19,14,train
2827,2828,images/19/2828.png,19,14,train
2791,2792,images/19/2792.png,19,14,train
2794,2795,images/19/2795.png,19,14,train
2731,2732,images/19/2732.png,19,14,train
2728,2729,images/19/2729.png,19,14,train
2732,2733,images/19/2733.png,19,14,train
2725,2726,images/19/2726.png,19,14,train
2722,2723,images/19/2723.png,19,14,train
2755,2756,images/19/2756.png,19,14,train
2764,2765,images/19/2765.png,19,14,train
2782,2783,images/19/2783.png,19,14,train
2822,2823,images/19/2823.png,19,14,train
2849,2850,images/19/2850.png,19,14,train
2778,2779,images/19/2779.png,19,14,train
2809,2810,images/19/2810.png,19,14,train
2788,2789,images/19/2789.png,19,14,train
2836,2837,images/19/2837.png,19,14,train
2744,2745,images/19/2745.png,19,14,train
2779,2780,images/19/2780.png,19,14,train
2768,2769,images/19/2769.png,19,14,train
2866,2867,images/20/2867.png,20,15,train
2871,2872,images/20/2872.png,20,15,train
2900,2901,images/20/2901.png,20,15,train
2879,2880,images/20/2880.png,20,15,train
2910,2911,images/20/2911.png,20,15,train
2918,2919,images/20/2919.png,20,15,train
2903,2904,images/20/2904.png,20,15,train
2891,2892,images/20/2892.png,20,15,train
2912,2913,images/20/2913.png,20,15,train
2878,2879,images/20/2879.png,20,15,train
2914,2915,images/20/2915.png,20,15,train
2869,2870,images/20/2870.png,20,15,train
2902,2903,images/20/2903.png,20,15,train
2897,2898,images/20/2898.png,20,15,train
2874,2875,images/20/2875.png,20,15,train
2883,2884,images/20/2884.png,20,15,train
2872,2873,images/20/2873.png,20,15,train
2870,2871,images/20/2871.png,20,15,train
2907,2908,images/20/2908.png,20,15,train
2885,2886,images/20/2886.png,20,15,train
2896,2897,images/20/2897.png,20,15,train
2915,2916,images/20/2916.png,20,15,train
2916,2917,images/20/2917.png,20,15,train
2920,2921,images/20/2921.png,20,15,train
2881,2882,images/20/2882.png,20,15,train
3096,3097,images/21/3097.png,21,16,train
3061,3062,images/21/3062.png,21,16,train
3050,3051,images/21/3051.png,21,16,train
3018,3019,images/21/3019.png,21,16,train
2996,2997,images/21/2997.png,21,16,train
2957,2958,images/21/2958.png,21,16,train
3303,3304,images/21/3304.png,21,16,train
3147,3148,images/21/3148.png,21,16,train
3265,3266,images/21/3266.png,21,16,train
3151,3152,images/21/3152.png,21,16,train
3056,3057,images/21/3057.png,21,16,train
3146,3147,images/21/3147.png,21,16,train
3210,3211,images/21/3211.png,21,16,train
3255,3256,images/21/3256.png,21,16,train
3081,3082,images/21/3082.png,21,16,train
3014,3015,images/21/3015.png,21,16,train
3281,3282,images/21/3282.png,21,16,train
3002,3003,images/21/3003.png,21,16,train
2933,2934,images/21/2934.png,21,16,train
3001,3002,images/21/3002.png,21,16,train
3236,3237,images/21/3237.png,21,16,train
3162,3163,images/21/3163.png,21,16,train
2954,2955,images/21/2955.png,21,16,train
2997,2998,images/21/2998.png,21,16,train
3127,3128,images/21/3128.png,21,16,train
3363,3364,images/22/3364.png,22,17,train
3449,3450,images/22/3450.png,22,17,train
3412,3413,images/22/3413.png,22,17,train
3460,3461,images/22/3461.png,22,17,train
3529,3530,images/22/3530.png,22,17,train
3470,3471,images/22/3471.png,22,17,train
3542,3543,images/22/3543.png,22,17,train
3378,3379,images/22/3379.png,22,17,train
3491,3492,images/22/3492.png,22,17,train
3580,3581,images/22/3581.png,22,17,train
3516,3517,images/22/3517.png,22,17,train
3602,3603,images/22/3603.png,22,17,train
3560,3561,images/22/3561.png,22,17,train
3415,3416,images/22/3416.png,22,17,train
3498,3499,images/22/3499.png,22,17,train
3527,3528,images/22/3528.png,22,17,train
3559,3560,images/22/3560.png,22,17,train
3479,3480,images/22/3480.png,22,17,train
3437,3438,images/22/3438.png,22,17,train
3393,3394,images/22/3394.png,22,17,train
3554,3555,images/22/3555.png,22,17,train
3600,3601,images/22/3601.png,22,17,train
3379,3380,images/22/3380.png,22,17,train
3375,3376,images/22/3376.png,22,17,train
3518,3519,images/22/3519.png,22,17,train
3677,3678,images/23/3678.png,23,18,train
3849,3850,images/23/3850.png,23,18,train
4042,4043,images/23/4043.png,23,18,train
3684,3685,images/23/3685.png,23,18,train
4007,4008,images/23/4008.png,23,18,train
4083,4084,images/23/4084.png,23,18,train
3804,3805,images/23/3805.png,23,18,train
3668,3669,images/23/3669.png,23,18,train
3689,3690,images/23/3690.png,23,18,train
3912,3913,images/23/3913.png,23,18,train
3614,3615,images/23/3615.png,23,18,train
3673,3674,images/23/3674.png,23,18,train
4054,4055,images/23/4055.png,23,18,train
3980,3981,images/23/3981.png,23,18,train
3877,3878,images/23/3878.png,23,18,train
3970,3971,images/23/3971.png,23,18,train
4039,4040,images/23/4040.png,23,18,train
3635,3636,images/23/3636.png,23,18,train
3758,3759,images/23/3759.png,23,18,train
4047,4048,images/23/4048.png,23,18,train
3855,3856,images/23/3856.png,23,18,train
3830,3831,images/23/3831.png,23,18,train
3698,3699,images/23/3699.png,23,18,train
3916,3917,images/23/3917.png,23,18,train
4046,4047,images/23/4047.png,23,18,train
4224,4225,images/24/4225.png,24,19,train
4240,4241,images/24/4241.png,24,19,train
4185,4186,images/24/4186.png,24,19,train
4272,4273,images/24/4273.png,24,19,train
4107,4108,images/24/4108.png,24,19,train
4207,4208,images/24/4208.png,24,19,train
4264,4265,images/24/4265.png,24,19,train
4301,4302,images/24/4302.png,24,19,train
4167,4168,images/24/4168.png,24,19,train
4234,4235,images/24/4235.png,24,19,train
4192,4193,images/24/4193.png,24,19,train
4122,4123,images/24/4123.png,24,19,train
4282,4283,images/24/4283.png,24,19,train
4101,4102,images/24/4102.png,24,19,train
4159,4160,images/24/4160.png,24,19,train
4310,4311,images/24/4311.png,24,19,train
4267,4268,images/24/4268.png,24,19,train
4110,4111,images/24/4111.png,24,19,train
4289,4290,images/24/4290.png,24,19,train
4158,4159,images/24/4159.png,24,19,train
4281,4282,images/24/4282.png,24,19,train
4188,4189,images/24/4189.png,24,19,train
4302,4303,images/24/4303.png,24,19,train
4117,4118,images/24/4118.png,24,19,train
4219,4220,images/24/4220.png,24,19,train
4543,4544,images/25/4544.png,25,20,train
4422,4423,images/25/4423.png,25,20,train
4562,4563,images/25/4563.png,25,20,train
4321,4322,images/25/4322.png,25,20,train
4405,4406,images/25/4406.png,25,20,train
4532,4533,images/25/4533.png,25,20,train
4587,4588,images/25/4588.png,25,20,train
4511,4512,images/25/4512.png,25,20,train
4516,4517,images/25/4517.png,25,20,train
4413,4414,images/25/4414.png,25,20,train
4493,4494,images/25/4494.png,25,20,train
4623,4624,images/25/4624.png,25,20,train
4631,4632,images/25/4632.png,25,20,train
4451,4452,images/25/4452.png,25,20,train
4578,4579,images/25/4579.png,25,20,train
4465,4466,images/25/4466.png,25,20,train
4458,4459,images/25/4459.png,25,20,train
4456,4457,images/25/4457.png,25,20,train
4337,4338,images/25/4338.png,25,20,train
4317,4318,images/25/4318.png,25,20,train
4394,4395,images/25/4395.png,25,20,train
4491,4492,images/25/4492.png,25,20,train
4358,4359,images/25/4359.png,25,20,train
4584,4585,images/25/4585.png,25,20,train
4406,4407,images/25/4407.png,25,20,train
4658,4659,images/26/4659.png,26,21,train
4681,4682,images/26/4682.png,26,21,train
4795,4796,images/26/4796.png,26,21,train
4750,4751,images/26/4751.png,26,21,train
4787,4788,images/26/4788.png,26,21,train
4654,4655,images/26/4655.png,26,21,train
4663,4664,images/26/4664.png,26,21,train
4707,4708,images/26/4708.png,26,21,train
4756,4757,images/26/4757.png,26,21,train
4737,4738,images/26/4738.png,26,21,train
4736,4737,images/26/4737.png,26,21,train
4802,4803,images/26/4803.png,26,21,train
4708,4709,images/26/4709.png,26,21,train
4814,4815,images/26/4815.png,26,21,train
4684,4685,images/26/4685.png,26,21,train
4655,4656,images/26/4656.png,26,21,train
4690,4691,images/26/4691.png,26,21,train
4674,4675,images/26/4675.png,26,21,train
4721,4722,images/26/4722.png,26,21,train
4695,4696,images/26/4696.png,26,21,train
4804,4805,images/26/4805.png,26,21,train
4763,4764,images/26/4764.png,26,21,train
4785,4786,images/26/4786.png,26,21,train
4669,4670,images/26/4670.png,26,21,train
4648,4649,images/26/4649.png,26,21,train
4959,4960,images/27/4960.png,27,22,train
4939,4940,images/27/4940.png,27,22,train
4955,4956,images/27/4956.png,27,22,train
4879,4880,images/27/4880.png,27,22,train
4919,4920,images/27/4920.png,27,22,train
4853,4854,images/27/4854.png,27,22,train
4980,4981,images/27/4981.png,27,22,train
4875,4876,images/27/4876.png,27,22,train
4925,4926,images/27/4926.png,27,22,train
4969,4970,images/27/4970.png,27,22,train
4843,4844,images/27/4844.png,27,22,train
4909,4910,images/27/4910.png,27,22,train
4839,4840,images/27/4840.png,27,22,train
4890,4891,images/27/4891.png,27,22,train
4848,4849,images/27/4849.png,27,22,train
4854,4855,images/27/4855.png,27,22,train
4956,4957,images/27/4957.png,27,22,train
4929,4930,images/27/4930.png,27,22,train
4975,4976,images/27/4976.png,27,22,train
4840,4841,images/27/4841.png,27,22,train
4899,4900,images/27/4900.png,27,22,train
4842,4843,images/27/4843.png,27,22,train
4836,4837,images/27/4837.png,27,22,train
4833,4834,images/27/4834.png,27,22,train
4855,4856,images/27/4856.png,27,22,train
5096,5097,images/29/5097.png,29,23,train
5093,5094,images/29/5094.png,29,23,train
5089,5090,images/29/5090.png,29,23,train
5110,5111,images/29/5111.png,29,23,train
5049,5050,images/29/5050.png,29,23,train
5095,5096,images/29/5096.png,29,23,train
5085,5086,images/29/5086.png,29,23,train
5058,5059,images/29/5059.png,29,23,train
5016,5017,images/29/5017.png,29,23,train
5026,5027,images/29/5027.png,29,23,train
5080,5081,images/29/5081.png,29,23,train
5046,5047,images/29/5047.png,29,23,train
5034,5035,images/29/5035.png,29,23,train
5020,5021,images/29/5021.png,29,23,train
5047,5048,images/29/5048.png,29,23,train
5042,5043,images/29/5043.png,29,23,train
5028,5029,images/29/5029.png,29,23,train
5038,5039,images/29/5039.png,29,23,train
5069,5070,images/29/5070.png,29,23,train
5101,5102,images/29/5102.png,29,23,train
5056,5057,images/29/5057.png,29,23,train
5083,5084,images/29/5084.png,29,23,train
5031,5032,images/29/5032.png,29,23,train
5084,5085,images/29/5085.png,29,23,train
5104,5105,images/29/5105.png,29,23,train
5134,5135,images/30/5135.png,30,24,train
5112,5113,images/30/5113.png,30,24,train
5159,5160,images/30/5160.png,30,24,train
5116,5117,images/30/5117.png,30,24,train
5165,5166,images/30/5166.png,30,24,train
5130,5131,images/30/5131.png,30,24,train
5122,5123,images/30/5123.png,30,24,train
5145,5146,images/30/5146.png,30,24,train
5156,5157,images/30/5157.png,30,24,train
5124,5125,images/30/5125.png,30,24,train
5143,5144,images/30/5144.png,30,24,train
5121,5122,images/30/5122.png,30,24,train
5171,5172,images/30/5172.png,30,24,train
5117,5118,images/30/5118.png,30,24,train
5180,5181,images/30/5181.png,30,24,train
5142,5143,images/30/5143.png,30,24,train
5169,5170,images/30/5170.png,30,24,train
5147,5148,images/30/5148.png,30,24,train
5168,5169,images/30/5169.png,30,24,train
5158,5159,images/30/5159.png,30,24,train
5128,5129,images/30/5129.png,30,24,train
5146,5147,images/30/5147.png,30,24,train
5154,5155,images/30/5155.png,30,24,train
5140,5141,images/30/5141.png,30,24,train
5119,5120,images/30/5120.png,30,24,train
5371,5372,images/31/5372.png,31,25,train
5187,5188,images/31/5188.png,31,25,train
5260,5261,images/31/5261.png,31,25,train
5386,5387,images/31/5387.png,31,25,train
5298,5299,images/31/5299.png,31,25,train
5366,5367,images/31/5367.png,31,25,train
5382,5383,images/31/5383.png,31,25,train
5348,5349,images/31/5349.png,31,25,train
5190,5191,images/31/5191.png,31,25,train
5211,5212,images/31/5212.png,31,25,train
5361,5362,images/31/5362.png,31,25,train
5402,5403,images/31/5403.png,31,25,train
5410,5411,images/31/5411.png,31,25,train
5397,5398,images/31/5398.png,31,25,train
5317,5318,images/31/5318.png,31,25,train
5249,5250,images/31/5250.png,31,25,train
5379,5380,images/31/5380.png,31,25,train
5196,5197,images/31/5197.png,31,25,train
5277,5278,images/31/5278.png,31,25,train
5205,5206,images/31/5206.png,31,25,train
5415,5416,images/31/5416.png,31,25,train
5200,5201,images/31/5201.png,31,25,train
5301,5302,images/31/5302.png,31,25,train
5333,5334,images/31/5334.png,31,25,train
5214,5215,images/31/5215.png,31,25,train
5655,5656,images/32/5656.png,32,26,train
5502,5503,images/32/5503.png,32,26,train
5445,5446,images/32/5446.png,32,26,train
5606,5607,images/32/5607.png,32,26,train
5451,5452,images/32/5452.png,32,26,train
5637,5638,images/32/5638.png,32,26,train
5461,5462,images/32/5462.png,32,26,train
5633,5634,images/32/5634.png,32,26,train
5590,5591,images/32/5591.png,32,26,train
5562,5563,images/32/5563.png,32,26,train
5652,5653,images/32/5653.png,32,26,train
5455,5456,images/32/5456.png,32,26,train
5532,5533,images/32/5533.png,32,26,train
5614,5615,images/32/5615.png,32,26,train
5611,5612,images/32/5612.png,32,26,train
5573,5574,images/32/5574.png,32,26,train
5582,5583,images/32/5583.png,32,26,train
5466,5467,images/32/5467.png,32,26,train
5663,5664,images/32/5664.png,32,26,train
5621,5622,images/32/5622.png,32,26,train
5544,5545,images/32/5545.png,32,26,train
5598,5599,images/32/5599.png,32,26,train
5642,5643,images/32/5643.png,32,26,train
5617,5618,images/32/5618.png,32,26,train
5561,5562,images/32/5562.png,32,26,train
5750,5751,images/33/5751.png,33,27,train
5683,5684,images/33/5684.png,33,27,train
5779,5780,images/33/5780.png,33,27,train
5845,5846,images/33/5846.png,33,27,train
5744,5745,images/33/5745.png,33,27,train
5831,5832,images/33/5832.png,33,27,train
5736,5737,images/33/5737.png,33,27,train
5735,5736,images/33/5736.png,33,27,train
5788,5789,images/33/5789.png,33,27,train
5841,5842,images/33/5842.png,33,27,train
5844,5845,images/33/5845.png,33,27,train
5816,5817,images/33/5817.png,33,27,train
5733,5734,images/33/5734.png,33,27,train
5698,5699,images/33/5699.png,33,27,train
5754,5755,images/33/5755.png,33,27,train
5753,5754,images/33/5754.png,33,27,train
5723,5724,images/33/5724.png,33,27,train
5728,5729,images/33/5729.png,33,27,train
5758,5759,images/33/5759.png,33,27,train
5827,5828,images/33/5828.png,33,27,train
5684,5685,images/33/5685.png,33,27,train
5792,5793,images/33/5793.png,33,27,train
5764,5765,images/33/5765.png,33,27,train
5840,5841,images/33/5841.png,33,27,train
5734,5735,images/33/5735.png,33,27,train
5940,5941,images/34/5941.png,34,28,train
6147,6148,images/34/6148.png,34,28,train
5892,5893,images/34/5893.png,34,28,train
6122,6123,images/34/6123.png,34,28,train
5876,5877,images/34/5877.png,34,28,train
5968,5969,images/34/5969.png,34,28,train
6043,6044,images/34/6044.png,34,28,train
6053,6054,images/34/6054.png,34,28,train
5930,5931,images/34/5931.png,34,28,train
5983,5984,images/34/5984.png,34,28,train
6106,6107,images/34/6107.png,34,28,train
5942,5943,images/34/5943.png,34,28,train
6031,6032,images/34/6032.png,34,28,train
6040,6041,images/34/6041.png,34,28,train
6077,6078,images/34/6078.png,34,28,train
5951,5952,images/34/5952.png,34,28,train
6052,6053,images/34/6053.png,34,28,train
5999,6000,images/34/6000.png,34,28,train
6179,6180,images/34/6180.png,34,28,train
6112,6113,images/34/6113.png,34,28,train
6069,6070,images/34/6070.png,34,28,train
6044,6045,images/34/6045.png,34,28,train
6064,6065,images/34/6065.png,34,28,train
5975,5976,images/34/5976.png,34,28,train
5909,5910,images/34/5910.png,34,28,train
6297,6298,images/35/6298.png,35,29,train
6348,6349,images/35/6349.png,35,29,train
6353,6354,images/35/6354.png,35,29,train
6285,6286,images/35/6286.png,35,29,train
6284,6285,images/35/6285.png,35,29,train
6199,6200,images/35/6200.png,35,29,train
6361,6362,images/35/6362.png,35,29,train
6219,6220,images/35/6220.png,35,29,train
6303,6304,images/35/6304.png,35,29,train
6336,6337,images/35/6337.png,35,29,train
6208,6209,images/35/6209.png,35,29,train
6260,6261,images/35/6261.png,35,29,train
6340,6341,images/35/6341.png,35,29,train
6302,6303,images/35/6303.png,35,29,train
6252,6253,images/35/6253.png,35,29,train
6200,6201,images/35/6201.png,35,29,train
6306,6307,images/35/6307.png,35,29,train
6214,6215,images/35/6215.png,35,29,train
6320,6321,images/35/6321.png,35,29,train
6203,6204,images/35/6204.png,35,29,train
6259,6260,images/35/6260.png,35,29,train
6299,6300,images/35/6300.png,35,29,train
6310,6311,images/35/6311.png,35,29,train
6331,6332,images/35/6332.png,35,29,train
6253,6254,images/35/6254.png,35,29,train
6385,6386,images/36/6386.png,36,30,train
6379,6380,images/36/6380.png,36,30,train
6485,6486,images/36/6486.png,36,30,train
6448,6449,images/36/6449.png,36,30,train
6436,6437,images/36/6437.png,36,30,train
6415,6416,images/36/6416.png,36,30,train
6502,6503,images/36/6503.png,36,30,train
6531,6532,images/36/6532.png,36,30,train
6571,6572,images/36/6572.png,36,30,train
6551,6552,images/36/6552.png,36,30,train
6439,6440,images/36/6440.png,36,30,train
6533,6534,images/36/6534.png,36,30,train
6537,6538,images/36/6538.png,36,30,train
6522,6523,images/36/6523.png,36,30,train
6426,6427,images/36/6427.png,36,30,train
6561,6562,images/36/6562.png,36,30,train
6388,6389,images/36/6389.png,36,30,train
6449,6450,images/36/6450.png,36,30,train
6425,6426,images/36/6426.png,36,30,train
6516,6517,images/36/6517.png,36,30,train
6547,6548,images/36/6548.png,36,30,train
6467,6468,images/36/6468.png,36,30,train
6465,6466,images/36/6466.png,36,30,train
6400,6401,images/36/6401.png,36,30,train
6497,6498,images/36/6498.png,36,30,train
7120,7121,images/37/7121.png,37,31,train
6655,6656,images/37/6656.png,37,31,train
6714,6715,images/37/6715.png,37,31,train
6653,6654,images/37/6654.png,37,31,train
6845,6846,images/37/6846.png,37,31,train
6803,6804,images/37/6804.png,37,31,train
7003,7004,images/37/7004.png,37,31,train
6974,6975,images/37/6975.png,37,31,train
6656,6657,images/37/6657.png,37,31,train
6879,6880,images/37/6880.png,37,31,train
6759,6760,images/37/6760.png,37,31,train
6584,6585,images/37/6585.png,37,31,train
6657,6658,images/37/6658.png,37,31,train
6796,6797,images/37/6797.png,37,31,train
6839,6840,images/37/6840.png,37,31,train
6658,6659,images/37/6659.png,37,31,train
7096,7097,images/37/7097.png,37,31,train
6580,6581,images/37/6581.png,37,31,train
6849,6850,images/37/6850.png,37,31,train
6982,6983,images/37/6983.png,37,31,train
7005,7006,images/37/7006.png,37,31,train
6729,6730,images/37/6730.png,37,31,train
6705,6706,images/37/6706.png,37,31,train
6683,6684,images/37/6684.png,37,31,train
6647,6648,images/37/6648.png,37,31,train
7190,7191,images/38/7191.png,38,32,train
7239,7240,images/38/7240.png,38,32,train
7141,7142,images/38/7142.png,38,32,train
7266,7267,images/38/7267.png,38,32,train
7281,7282,images/38/7282.png,38,32,train
7251,7252,images/38/7252.png,38,32,train
7265,7266,images/38/7266.png,38,32,train
7155,7156,images/38/7156.png,38,32,train
7143,7144,images/38/7144.png,38,32,train
7292,7293,images/38/7293.png,38,32,train
7283,7284,images/38/7284.png,38,32,train
7140,7141,images/38/7141.png,38,32,train
7180,7181,images/38/7181.png,38,32,train
7181,7182,images/38/7182.png,38,32,train
7240,7241,images/38/7241.png,38,32,train
7170,7171,images/38/7171.png,38,32,train
7249,7250,images/38/7250.png,38,32,train
7134,7135,images/38/7135.png,38,32,train
7272,7273,images/38/7273.png,38,32,train
7210,7211,images/38/7211.png,38,32,train
7238,7239,images/38/7239.png,38,32,train
7286,7287,images/38/7287.png,38,32,train
7185,7186,images/38/7186.png,38,32,train
7312,7313,images/38/7313.png,38,32,train
7198,7199,images/38/7199.png,38,32,train
7395,7396,images/39/7396.png,39,33,train
7433,7434,images/39/7434.png,39,33,train
7621,7622,images/39/7622.png,39,33,train
7431,7432,images/39/7432.png,39,33,train
7600,7601,images/39/7601.png,39,33,train
7365,7366,images/39/7366.png,39,33,train
7552,7553,images/39/7553.png,39,33,train
7606,7607,images/39/7607.png,39,33,train
7625,7626,images/39/7626.png,39,33,train
7463,7464,images/39/7464.png,39,33,train
7520,7521,images/39/7521.png,39,33,train
7348,7349,images/39/7349.png,39,33,train
7332,7333,images/39/7333.png,39,33,train
7401,7402,images/39/7402.png,39,33,train
7417,7418,images/39/7418.png,39,33,train
7517,7518,images/39/7518.png,39,33,train
7481,7482,images/39/7482.png,39,33,train
7476,7477,images/39/7477.png,39,33,train
7424,7425,images/39/7425.png,39,33,train
7396,7397,images/39/7397.png,39,33,train
7578,7579,images/39/7579.png,39,33,train
7455,7456,images/39/7456.png,39,33,train
7398,7399,images/39/7399.png,39,33,train
7649,7650,images/39/7650.png,39,33,train
7380,7381,images/39/7381.png,39,33,train
7663,7664,images/40/7664.png,40,34,train
7721,7722,images/40/7722.png,40,34,train
7677,7678,images/40/7678.png,40,34,train
7659,7660,images/40/7660.png,40,34,train
7687,7688,images/40/7688.png,40,34,train
7709,7710,images/40/7710.png,40,34,train
7669,7670,images/40/7670.png,40,34,train
7693,7694,images/40/7694.png,40,34,train
7671,7672,images/40/7672.png,40,34,train
7713,7714,images/40/7714.png,40,34,train
7706,7707,images/40/7707.png,40,34,train
7690,7691,images/40/7691.png,40,34,train
7668,7669,images/40/7669.png,40,34,train
7704,7705,images/40/7705.png,40,34,train
7664,7665,images/40/7665.png,40,34,train
7681,7682,images/40/7682.png,40,34,train
7715,7716,images/40/7716.png,40,34,train
7708,7709,images/40/7709.png,40,34,train
7692,7693,images/40/7693.png,40,34,train
7698,7699,images/40/7699.png,40,34,train
7718,7719,images/40/7719.png,40,34,train
7675,7676,images/40/7676.png,40,34,train
7694,7695,images/40/7695.png,40,34,train
7703,7704,images/40/7704.png,40,34,train
7728,7729,images/40/7729.png,40,34,train
8306,8307,images/41/8307.png,41,35,train
8008,8009,images/41/8009.png,41,35,train
7835,7836,images/41/7836.png,41,35,train
7908,7909,images/41/7909.png,41,35,train
8187,8188,images/41/8188.png,41,35,train
8018,8019,images/41/8019.png,41,35,train
8259,8260,images/41/8260.png,41,35,train
8174,8175,images/41/8175.png,41,35,train
7898,7899,images/41/7899.png,41,35,train
7979,7980,images/41/7980.png,41,35,train
8269,8270,images/41/8270.png,41,35,train
7912,7913,images/41/7913.png,41,35,train
7862,7863,images/41/7863.png,41,35,train
7913,7914,images/41/7914.png,41,35,train
8145,8146,images/41/8146.png,41,35,train
7841,7842,images/41/7842.png,41,35,train
7935,7936,images/41/7936.png,41,35,train
8170,8171,images/41/8171.png,41,35,train
7817,7818,images/41/7818.png,41,35,train
8147,8148,images/41/8148.png,41,35,train
8272,8273,images/41/8273.png,41,35,train
7832,7833,images/41/7833.png,41,35,train
7733,7734,images/41/7734.png,41,35,train
8282,8283,images/41/8283.png,41,35,train
7801,7802,images/41/7802.png,41,35,train
8344,8345,images/42/8345.png,42,36,train
8311,8312,images/42/8312.png,42,36,train
8345,8346,images/42/8346.png,42,36,train
8323,8324,images/42/8324.png,42,36,train
8321,8322,images/42/8322.png,42,36,train
8388,8389,images/42/8389.png,42,36,train
8341,8342,images/42/8342.png,42,36,train
8315,8316,images/42/8316.png,42,36,train
8360,8361,images/42/8361.png,42,36,train
8377,8378,images/42/8378.png,42,36,train
8372,8373,images/42/8373.png,42,36,train
8333,8334,images/42/8334.png,42,36,train
8383,8384,images/42/8384.png,42,36,train
8365,8366,images/42/8366.png,42,36,train
8329,8330,images/42/8330.png,42,36,train
8355,8356,images/42/8356.png,42,36,train
8342,8343,images/42/8343.png,42,36,train
8369,8370,images/42/8370.png,42,36,train
8320,8321,images/42/8321.png,42,36,train
8316,8317,images/42/8317.png,42,36,train
8346,8347,images/42/8347.png,42,36,train
8350,8351,images/42/8351.png,42,36,train
8378,8379,images/42/8379.png,42,36,train
8364,8365,images/42/8365.png,42,36,train
8351,8352,images/42/8352.png,42,36,train
8465,8466,images/43/8466.png,43,37,train
8527,8528,images/43/8528.png,43,37,train
8541,8542,images/43/8542.png,43,37,train
8449,8450,images/43/8450.png,43,37,train
8545,8546,images/43/8546.png,43,37,train
8554,8555,images/43/8555.png,43,37,train
8474,8475,images/43/8475.png,43,37,train
8531,8532,images/43/8532.png,43,37,train
8503,8504,images/43/8504.png,43,37,train
8420,8421,images/43/8421.png,43,37,train
8512,8513,images/43/8513.png,43,37,train
8498,8499,images/43/8499.png,43,37,train
8430,8431,images/43/8431.png,43,37,train
8479,8480,images/43/8480.png,43,37,train
8535,8536,images/43/8536.png,43,37,train
8404,8405,images/43/8405.png,43,37,train
8525,8526,images/43/8526.png,43,37,train
8413,8414,images/43/8414.png,43,37,train
8464,8465,images/43/8465.png,43,37,train
8534,8535,images/43/8535.png,43,37,train
8418,8419,images/43/8419.png,43,37,train
8419,8420,images/43/8420.png,43,37,train
8444,8445,images/43/8445.png,43,37,train
8502,8503,images/43/8503.png,43,37,train
8557,8558,images/43/8558.png,43,37,train
8576,8577,images/44/8577.png,44,38,train
8580,8581,images/44/8581.png,44,38,train
8588,8589,images/44/8589.png,44,38,train
8587,8588,images/44/8588.png,44,38,train
8569,8570,images/44/8570.png,44,38,train
8585,8586,images/44/8586.png,44,38,train
8582,8583,images/44/8583.png,44,38,train
8573,8574,images/44/8574.png,44,38,train
8593,8594,images/44/8594.png,44,38,train
8570,8571,images/44/8571.png,44,38,train
8561,8562,images/44/8562.png,44,38,train
8565,8566,images/44/8566.png,44,38,train
8577,8578,images/44/8578.png,44,38,train
8578,8579,images/44/8579.png,44,38,train
8566,8567,images/44/8567.png,44,38,train
8574,8575,images/44/8575.png,44,38,train
8572,8573,images/44/8573.png,44,38,train
8562,8563,images/44/8563.png,44,38,train
8563,8564,images/44/8564.png,44,38,train
8591,8592,images/44/8592.png,44,38,train
8564,8565,images/44/8565.png,44,38,train
8590,8591,images/44/8591.png,44,38,train
8584,8585,images/44/8585.png,44,38,train
8592,8593,images/44/8593.png,44,38,train
8583,8584,images/44/8584.png,44,38,train
8786,8787,images/46/8787.png,46,39,train
8835,8836,images/46/8836.png,46,39,train
8718,8719,images/46/8719.png,46,39,train
8853,8854,images/46/8854.png,46,39,train
8667,8668,images/46/8668.png,46,39,train
8616,8617,images/46/8617.png,46,39,train
8726,8727,images/46/8727.png,46,39,train
8830,8831,images/46/8831.png,46,39,train
8874,8875,images/46/8875.png,46,39,train
8640,8641,images/46/8641.png,46,39,train
8612,8613,images/46/8613.png,46,39,train
8708,8709,images/46/8709.png,46,39,train
8652,8653,images/46/8653.png,46,39,train
8782,8783,images/46/8783.png,46,39,train
8725,8726,images/46/8726.png,46,39,train
8653,8654,images/46/8654.png,46,39,train
8732,8733,images/46/8733.png,46,39,train
8799,8800,images/46/8800.png,46,39,train
8891,8892,images/46/8892.png,46,39,train
8885,8886,images/46/8886.png,46,39,train
8759,8760,images/46/8760.png,46,39,train
8875,8876,images/46/8876.png,46,39,train
8878,8879,images/46/8879.png,46,39,train
8632,8633,images/46/8633.png,46,39,train
8753,8754,images/46/8754.png,46,39,train
8979,8980,images/47/8980.png,47,40,train
9127,9128,images/47/9128.png,47,40,train
9167,9168,images/47/9168.png,47,40,train
8942,8943,images/47/8943.png,47,40,train
8951,8952,images/47/8952.png,47,40,train
8986,8987,images/47/8987.png,47,40,train
9046,9047,images/47/9047.png,47,40,train
9242,9243,images/47/9243.png,47,40,train
9154,9155,images/47/9155.png,47,40,train
9175,9176,images/47/9176.png,47,40,train
9275,9276,images/47/9276.png,47,40,train
8987,8988,images/47/8988.png,47,40,train
9193,9194,images/47/9194.png,47,40,train
9297,9298,images/47/9298.png,47,40,train
9064,9065,images/47/9065.png,47,40,train
9093,9094,images/47/9094.png,47,40,train
9086,9087,images/47/9087.png,47,40,train
9140,9141,images/47/9141.png,47,40,train
8918,8919,images/47/8919.png,47,40,train
9104,9105,images/47/9105.png,47,40,train
8964,8965,images/47/8965.png,47,40,train
9310,9311,images/47/9311.png,47,40,train
9194,9195,images/47/9195.png,47,40,train
9143,9144,images/47/9144.png,47,40,train
9189,9190,images/47/9190.png,47,40,train
9348,9349,images/48/9349.png,48,41,train
9351,9352,images/48/9352.png,48,41,train
9319,9320,images/48/9320.png,48,41,train
9328,9329,images/48/9329.png,48,41,train
9345,9346,images/48/9346.png,48,41,train
9341,9342,images/48/9342.png,48,41,train
9321,9322,images/48/9322.png,48,41,train
9342,9343,images/48/9343.png,48,41,train
9339,9340,images/48/9340.png,48,41,train
9330,9331,images/48/9331.png,48,41,train
9332,9333,images/48/9333.png,48,41,train
9323,9324,images/48/9324.png,48,41,train
9331,9332,images/48/9332.png,48,41,train
9327,9328,images/48/9328.png,48,41,train
9334,9335,images/48/9335.png,48,41,train
9324,9325,images/48/9325.png,48,41,train
9347,9348,images/48/9348.png,48,41,train
9315,9316,images/48/9316.png,48,41,train
9340,9341,images/48/9341.png,48,41,train
9320,9321,images/48/9321.png,48,41,train
9326,9327,images/48/9327.png,48,41,train
9316,9317,images/48/9317.png,48,41,train
9352,9353,images/48/9353.png,48,41,train
9336,9337,images/48/9337.png,48,41,train
9317,9318,images/48/9318.png,48,41,train
9414,9415,images/49/9415.png,49,42,train
9410,9411,images/49/9411.png,49,42,train
9353,9354,images/49/9354.png,49,42,train
9396,9397,images/49/9397.png,49,42,train
9358,9359,images/49/9359.png,49,42,train
9389,9390,images/49/9390.png,49,42,train
9369,9370,images/49/9370.png,49,42,train
9365,9366,images/49/9366.png,49,42,train
9378,9379,images/49/9379.png,49,42,train
9413,9414,images/49/9414.png,49,42,train
9408,9409,images/49/9409.png,49,42,train
9362,9363,images/49/9363.png,49,42,train
9393,9394,images/49/9394.png,49,42,train
9366,9367,images/49/9367.png,49,42,train
9387,9388,images/49/9388.png,49,42,train
9402,9403,images/49/9403.png,49,42,train
9356,9357,images/49/9357.png,49,42,train
9370,9371,images/49/9371.png,49,42,train
9401,9402,images/49/9402.png,49,42,train
9361,9362,images/49/9362.png,49,42,train
9359,9360,images/49/9360.png,49,42,train
9386,9387,images/49/9387.png,49,42,train
9357,9358,images/49/9358.png,49,42,train
9399,9400,images/49/9400.png,49,42,train
9372,9373,images/49/9373.png,49,42,train
9622,9623,images/51/9623.png,51,43,train
9515,9516,images/51/9516.png,51,43,train
9492,9493,images/51/9493.png,51,43,train
9574,9575,images/51/9575.png,51,43,train
9598,9599,images/51/9599.png,51,43,train
9452,9453,images/51/9453.png,51,43,train
9512,9513,images/51/9513.png,51,43,train
9591,9592,images/51/9592.png,51,43,train
9559,9560,images/51/9560.png,51,43,train
9612,9613,images/51/9613.png,51,43,train
9595,9596,images/51/9596.png,51,43,train
9479,9480,images/51/9480.png,51,43,train
9602,9603,images/51/9603.png,51,43,train
9467,9468,images/51/9468.png,51,43,train
9488,9489,images/51/9489.png,51,43,train
9453,9454,images/51/9454.png,51,43,train
9603,9604,images/51/9604.png,51,43,train
9614,9615,images/51/9615.png,51,43,train
9522,9523,images/51/9523.png,51,43,train
9456,9457,images/51/9457.png,51,43,train
9561,9562,images/51/9562.png,51,43,train
9555,9556,images/51/9556.png,51,43,train
9442,9443,images/51/9443.png,51,43,train
9585,9586,images/51/9586.png,51,43,train
9461,9462,images/51/9462.png,51,43,train
9803,9804,images/54/9804.png,54,44,train
9696,9697,images/54/9697.png,54,44,train
9785,9786,images/54/9786.png,54,44,train
9695,9696,images/54/9696.png,54,44,train
9808,9809,images/54/9809.png,54,44,train
9827,9828,images/54/9828.png,54,44,train
9830,9831,images/54/9831.png,54,44,train
9717,9718,images/54/9718.png,54,44,train
9771,9772,images/54/9772.png,54,44,train
9726,9727,images/54/9727.png,54,44,train
9681,9682,images/54/9682.png,54,44,train
9822,9823,images/54/9823.png,54,44,train
9799,9800,images/54/9800.png,54,44,train
9711,9712,images/54/9712.png,54,44,train
9734,9735,images/54/9735.png,54,44,train
9751,9752,images/54/9752.png,54,44,train
9690,9691,images/54/9691.png,54,44,train
9775,9776,images/54/9776.png,54,44,train
9741,9742,images/54/9742.png,54,44,train
9774,9775,images/54/9775.png,54,44,train
9685,9686,images/54/9686.png,54,44,train
9682,9683,images/54/9683.png,54,44,train
9697,9698,images/54/9698.png,54,44,train
9684,9685,images/54/9685.png,54,44,train
9678,9679,images/54/9679.png,54,44,train
9922,9923,images/56/9923.png,56,45,train
9867,9868,images/56/9868.png,56,45,train
9967,9968,images/56/9968.png,56,45,train
9927,9928,images/56/9928.png,56,45,train
9925,9926,images/56/9926.png,56,45,train
9880,9881,images/56/9881.png,56,45,train
9913,9914,images/56/9914.png,56,45,train
9990,9991,images/56/9991.png,56,45,train
9917,9918,images/56/9918.png,56,45,train
9931,9932,images/56/9932.png,56,45,train
9959,9960,images/56/9960.png,56,45,train
9861,9862,images/56/9862.png,56,45,train
9885,9886,images/56/9886.png,56,45,train
9858,9859,images/56/9859.png,56,45,train
9868,9869,images/56/9869.png,56,45,train
9905,9906,images/56/9906.png,56,45,train
9953,9954,images/56/9954.png,56,45,train
9918,9919,images/56/9919.png,56,45,train
9904,9905,images/56/9905.png,56,45,train
9981,9982,images/56/9982.png,56,45,train
9878,9879,images/56/9879.png,56,45,train
9976,9977,images/56/9977.png,56,45,train
9875,9876,images/56/9876.png,56,45,train
9977,9978,images/56/9978.png,56,45,train
9980,9981,images/56/9981.png,56,45,train
10055,10056,images/57/10056.png,57,46,train
10088,10089,images/57/10089.png,57,46,train
10003,10004,images/57/10004.png,57,46,train
10044,10045,images/57/10045.png,57,46,train
10025,10026,images/57/10026.png,57,46,train
10116,10117,images/57/10117.png,57,46,train
10068,10069,images/57/10069.png,57,46,train
10009,10010,images/57/10010.png,57,46,train
10089,10090,images/57/10090.png,57,46,train
10072,10073,images/57/10073.png,57,46,train
10017,10018,images/57/10018.png,57,46,train
10111,10112,images/57/10112.png,57,46,train
10010,10011,images/57/10011.png,57,46,train
10095,10096,images/57/10096.png,57,46,train
10041,10042,images/57/10042.png,57,46,train
10030,10031,images/57/10031.png,57,46,train
10087,10088,images/57/10088.png,57,46,train
9999,10000,images/57/10000.png,57,46,train
10096,10097,images/57/10097.png,57,46,train
10109,10110,images/57/10110.png,57,46,train
10063,10064,images/57/10064.png,57,46,train
10039,10040,images/57/10040.png,57,46,train
10094,10095,images/57/10095.png,57,46,train
10052,10053,images/57/10053.png,57,46,train
10043,10044,images/57/10044.png,57,46,train
10183,10184,images/58/10184.png,58,47,train
10232,10233,images/58/10233.png,58,47,train
10134,10135,images/58/10135.png,58,47,train
10259,10260,images/58/10260.png,58,47,train
10274,10275,images/58/10275.png,58,47,train
10244,10245,images/58/10245.png,58,47,train
10258,10259,images/58/10259.png,58,47,train
10148,10149,images/58/10149.png,58,47,train
10136,10137,images/58/10137.png,58,47,train
10285,10286,images/58/10286.png,58,47,train
10276,10277,images/58/10277.png,58,47,train
10133,10134,images/58/10134.png,58,47,train
10173,10174,images/58/10174.png,58,47,train
10174,10175,images/58/10175.png,58,47,train
10233,10234,images/58/10234.png,58,47,train
10163,10164,images/58/10164.png,58,47,train
10242,10243,images/58/10243.png,58,47,train
10127,10128,images/58/10128.png,58,47,train
10265,10266,images/58/10266.png,58,47,train
10203,10204,images/58/10204.png,58,47,train
10231,10232,images/58/10232.png,58,47,train
10279,10280,images/58/10280.png,58,47,train
10178,10179,images/58/10179.png,58,47,train
10305,10306,images/58/10306.png,58,47,train
10191,10192,images/58/10192.png,58,47,train
10316,10317,images/59/10317.png,59,48,train
10321,10322,images/59/10322.png,59,48,train
10362,10363,images/59/10363.png,59,48,train
10347,10348,images/59/10348.png,59,48,train
10329,10330,images/59/10330.png,59,48,train
10371,10372,images/59/10372.png,59,48,train
10350,10351,images/59/10351.png,59,48,train
10365,10366,images/59/10366.png,59,48,train
10328,10329,images/59/10329.png,59,48,train
10356,10357,images/59/10357.png,59,48,train
10349,10350,images/59/10350.png,59,48,train
10375,10376,images/59/10376.png,59,48,train
10332,10333,images/59/10333.png,59,48,train
10319,10320,images/59/10320.png,59,48,train
10369,10370,images/59/10370.png,59,48,train
10333,10334,images/59/10334.png,59,48,train
10324,10325,images/59/10325.png,59,48,train
10322,10323,images/59/10323.png,59,48,train
10357,10358,images/59/10358.png,59,48,train
10320,10321,images/59/10321.png,59,48,train
10360,10361,images/59/10361.png,59,48,train
10335,10336,images/59/10336.png,59,48,train
10363,10364,images/59/10364.png,59,48,train
10368,10369,images/59/10369.png,59,48,train
10341,10342,images/59/10342.png,59,48,train
10410,10411,images/60/10411.png,60,49,train
10413,10414,images/60/10414.png,60,49,train
10381,10382,images/60/10382.png,60,49,train
10390,10391,images/60/10391.png,60,49,train
10407,10408,images/60/10408.png,60,49,train
10403,10404,images/60/10404.png,60,49,train
10383,10384,images/60/10384.png,60,49,train
10404,10405,images/60/10405.png,60,49,train
10401,10402,images/60/10402.png,60,49,train
10392,10393,images/60/10393.png,60,49,train
10394,10395,images/60/10395.png,60,49,train
10385,10386,images/60/10386.png,60,49,train
10393,10394,images/60/10394.png,60,49,train
10389,10390,images/60/10390.png,60,49,train
10396,10397,images/60/10397.png,60,49,train
10386,10387,images/60/10387.png,60,49,train
10409,10410,images/60/10410.png,60,49,train
10377,10378,images/60/10378.png,60,49,train
10402,10403,images/60/10403.png,60,49,train
10382,10383,images/60/10383.png,60,49,train
10388,10389,images/60/10389.png,60,49,train
10378,10379,images/60/10379.png,60,49,train
10414,10415,images/60/10415.png,60,49,train
10398,10399,images/60/10399.png,60,49,train
10379,10380,images/60/10380.png,60,49,train
10493,10494,images/61/10494.png,61,50,train
10570,10571,images/61/10571.png,61,50,train
10543,10544,images/61/10544.png,61,50,train
10470,10471,images/61/10471.png,61,50,train
10509,10510,images/61/10510.png,61,50,train
10444,10445,images/61/10445.png,61,50,train
10562,10563,images/61/10563.png,61,50,train
10466,10467,images/61/10467.png,61,50,train
10513,10514,images/61/10514.png,61,50,train
10556,10557,images/61/10557.png,61,50,train
10434,10435,images/61/10435.png,61,50,train
10475,10476,images/61/10476.png,61,50,train
10430,10431,images/61/10431.png,61,50,train
10480,10481,images/61/10481.png,61,50,train
10439,10440,images/61/10440.png,61,50,train
10445,10446,images/61/10446.png,61,50,train
10541,10542,images/61/10542.png,61,50,train
10516,10517,images/61/10517.png,61,50,train
10511,10512,images/61/10512.png,61,50,train
10431,10432,images/61/10432.png,61,50,train
10566,10567,images/61/10567.png,61,50,train
10433,10434,images/61/10434.png,61,50,train
10427,10428,images/61/10428.png,61,50,train
10424,10425,images/61/10425.png,61,50,train
10446,10447,images/61/10447.png,61,50,train
10605,10606,images/62/10606.png,62,51,train
10589,10590,images/62/10590.png,62,51,train
10600,10601,images/62/10601.png,62,51,train
10591,10592,images/62/10592.png,62,51,train
10582,10583,images/62/10583.png,62,51,train
10583,10584,images/62/10584.png,62,51,train
10593,10594,images/62/10594.png,62,51,train
10595,10596,images/62/10596.png,62,51,train
10586,10587,images/62/10587.png,62,51,train
10574,10575,images/62/10575.png,62,51,train
10578,10579,images/62/10579.png,62,51,train
10590,10591,images/62/10591.png,62,51,train
10579,10580,images/62/10580.png,62,51,train
10587,10588,images/62/10588.png,62,51,train
10585,10586,images/62/10586.png,62,51,train
10598,10599,images/62/10599.png,62,51,train
10575,10576,images/62/10576.png,62,51,train
10576,10577,images/62/10577.png,62,51,train
10603,10604,images/62/10604.png,62,51,train
10577,10578,images/62/10578.png,62,51,train
10601,10602,images/62/10602.png,62,51,train
10597,10598,images/62/10598.png,62,51,train
10604,10605,images/62/10605.png,62,51,train
10596,10597,images/62/10597.png,62,51,train
10592,10593,images/62/10593.png,62,51,train
10634,10635,images/63/10635.png,63,52,train
10622,10623,images/63/10623.png,63,52,train
10630,10631,images/63/10631.png,63,52,train
10624,10625,images/63/10625.png,63,52,train
10615,10616,images/63/10616.png,63,52,train
10616,10617,images/63/10617.png,63,52,train
10635,10636,images/63/10636.png,63,52,train
10631,10632,images/63/10632.png,63,52,train
10619,10620,images/63/10620.png,63,52,train
10607,10608,images/63/10608.png,63,52,train
10611,10612,images/63/10612.png,63,52,train
10623,10624,images/63/10624.png,63,52,train
10612,10613,images/63/10613.png,63,52,train
10620,10621,images/63/10621.png,63,52,train
10618,10619,images/63/10619.png,63,52,train
10629,10630,images/63/10630.png,63,52,train
10608,10609,images/63/10609.png,63,52,train
10609,10610,images/63/10610.png,63,52,train
10632,10633,images/63/10633.png,63,52,train
10610,10611,images/63/10611.png,63,52,train
10628,10629,images/63/10629.png,63,52,train
10633,10634,images/63/10634.png,63,52,train
10625,10626,images/63/10626.png,63,52,train
10636,10637,images/63/10637.png,63,52,train
10627,10628,images/63/10628.png,63,52,train
10726,10727,images/65/10727.png,65,53,train
10651,10652,images/65/10652.png,65,53,train
10721,10722,images/65/10722.png,65,53,train
10673,10674,images/65/10674.png,65,53,train
10663,10664,images/65/10664.png,65,53,train
10707,10708,images/65/10708.png,65,53,train
10661,10662,images/65/10662.png,65,53,train
10669,10670,images/65/10670.png,65,53,train
10655,10656,images/65/10656.png,65,53,train
10718,10719,images/65/10719.png,65,53,train
10712,10713,images/65/10713.png,65,53,train
10715,10716,images/65/10716.png,65,53,train
10704,10705,images/65/10705.png,65,53,train
10724,10725,images/65/10725.png,65,53,train
10713,10714,images/65/10714.png,65,53,train
10717,10718,images/65/10718.png,65,53,train
10684,10685,images/65/10685.png,65,53,train
10729,10730,images/65/10730.png,65,53,train
10705,10706,images/65/10706.png,65,53,train
10723,10724,images/65/10724.png,65,53,train
10662,10663,images/65/10663.png,65,53,train
10681,10682,images/65/10682.png,65,53,train
10691,10692,images/65/10692.png,65,53,train
10679,10680,images/65/10680.png,65,53,train
10660,10661,images/65/10661.png,65,53,train
10767,10768,images/66/10768.png,66,54,train
10737,10738,images/66/10738.png,66,54,train
10759,10760,images/66/10760.png,66,54,train
10768,10769,images/66/10769.png,66,54,train
10755,10756,images/66/10756.png,66,54,train
10765,10766,images/66/10766.png,66,54,train
10747,10748,images/66/10748.png,66,54,train
10807,10808,images/66/10808.png,66,54,train
10741,10742,images/66/10742.png,66,54,train
10749,10750,images/66/10750.png,66,54,train
10786,10787,images/66/10787.png,66,54,train
10770,10771,images/66/10771.png,66,54,train
10804,10805,images/66/10805.png,66,54,train
10772,10773,images/66/10773.png,66,54,train
10805,10806,images/66/10806.png,66,54,train
10782,10783,images/66/10783.png,66,54,train
10810,10811,images/66/10811.png,66,54,train
10798,10799,images/66/10799.png,66,54,train
10792,10793,images/66/10793.png,66,54,train
10777,10778,images/66/10778.png,66,54,train
10746,10747,images/66/10747.png,66,54,train
10801,10802,images/66/10802.png,66,54,train
10742,10743,images/66/10743.png,66,54,train
10784,10785,images/66/10785.png,66,54,train
10771,10772,images/66/10772.png,66,54,train
10884,10885,images/67/10885.png,67,55,train
10838,10839,images/67/10839.png,67,55,train
10888,10889,images/67/10889.png,67,55,train
10889,10890,images/67/10890.png,67,55,train
10816,10817,images/67/10817.png,67,55,train
10842,10843,images/67/10843.png,67,55,train
10856,10857,images/67/10857.png,67,55,train
10858,10859,images/67/10859.png,67,55,train
10826,10827,images/67/10827.png,67,55,train
10861,10862,images/67/10862.png,67,55,train
10900,10901,images/67/10901.png,67,55,train
10871,10872,images/67/10872.png,67,55,train
10897,10898,images/67/10898.png,67,55,train
10863,10864,images/67/10864.png,67,55,train
10828,10829,images/67/10829.png,67,55,train
10820,10821,images/67/10821.png,67,55,train
10834,10835,images/67/10835.png,67,55,train
10844,10845,images/67/10845.png,67,55,train
10855,10856,images/67/10856.png,67,55,train
10882,10883,images/67/10883.png,67,55,train
10831,10832,images/67/10832.png,67,55,train
10894,10895,images/67/10895.png,67,55,train
10895,10896,images/67/10896.png,67,55,train
10846,10847,images/67/10847.png,67,55,train
10849,10850,images/67/10850.png,67,55,train
10989,10990,images/68/10990.png,68,56,train
10921,10922,images/68/10922.png,68,56,train
10915,10916,images/68/10916.png,68,56,train
10995,10996,images/68/10996.png,68,56,train
10975,10976,images/68/10976.png,68,56,train
10979,10980,images/68/10980.png,68,56,train
10941,10942,images/68/10942.png,68,56,train
10956,10957,images/68/10957.png,68,56,train
11007,11008,images/68/11008.png,68,56,train
10922,10923,images/68/10923.png,68,56,train
10990,10991,images/68/10991.png,68,56,train
10991,10992,images/68/10992.png,68,56,train
10911,10912,images/68/10912.png,68,56,train
10992,10993,images/68/10993.png,68,56,train
10929,10930,images/68/10930.png,68,56,train
10981,10982,images/68/10982.png,68,56,train
10967,10968,images/68/10968.png,68,56,train
10983,10984,images/68/10984.png,68,56,train
11018,11019,images/68/11019.png,68,56,train
10953,10954,images/68/10954.png,68,56,train
10923,10924,images/68/10924.png,68,56,train
10947,10948,images/68/10948.png,68,56,train
10976,10977,images/68/10977.png,68,56,train
10937,10938,images/68/10938.png,68,56,train
10933,10934,images/68/10934.png,68,56,train
11415,11416,images/69/11416.png,69,57,train
11098,11099,images/69/11099.png,69,57,train
11298,11299,images/69/11299.png,69,57,train
11325,11326,images/69/11326.png,69,57,train
11345,11346,images/69/11346.png,69,57,train
11309,11310,images/69/11310.png,69,57,train
11238,11239,images/69/11239.png,69,57,train
11102,11103,images/69/11103.png,69,57,train
11452,11453,images/69/11453.png,69,57,train
11422,11423,images/69/11423.png,69,57,train
11310,11311,images/69/11311.png,69,57,train
11095,11096,images/69/11096.png,69,57,train
11245,11246,images/69/11246.png,69,57,train
11414,11415,images/69/11415.png,69,57,train
11175,11176,images/69/11176.png,69,57,train
11096,11097,images/69/11097.png,69,57,train
11451,11452,images/69/11452.png,69,57,train
11212,11213,images/69/11213.png,69,57,train
11093,11094,images/69/11094.png,69,57,train
11173,11174,images/69/11174.png,69,57,train
11029,11030,images/69/11030.png,69,57,train
11195,11196,images/69/11196.png,69,57,train
11050,11051,images/69/11051.png,69,57,train
11431,11432,images/69/11432.png,69,57,train
11124,11125,images/69/11125.png,69,57,train
11525,11526,images/71/11526.png,71,58,train
11531,11532,images/71/11532.png,71,58,train
11473,11474,images/71/11474.png,71,58,train
11517,11518,images/71/11518.png,71,58,train
11478,11479,images/71/11479.png,71,58,train
11509,11510,images/71/11510.png,71,58,train
11489,11490,images/71/11490.png,71,58,train
11485,11486,images/71/11486.png,71,58,train
11498,11499,images/71/11499.png,71,58,train
11534,11535,images/71/11535.png,71,58,train
11529,11530,images/71/11530.png,71,58,train
11482,11483,images/71/11483.png,71,58,train
11513,11514,images/71/11514.png,71,58,train
11486,11487,images/71/11487.png,71,58,train
11507,11508,images/71/11508.png,71,58,train
11523,11524,images/71/11524.png,71,58,train
11476,11477,images/71/11477.png,71,58,train
11490,11491,images/71/11491.png,71,58,train
11522,11523,images/71/11523.png,71,58,train
11481,11482,images/71/11482.png,71,58,train
11479,11480,images/71/11480.png,71,58,train
11506,11507,images/71/11507.png,71,58,train
11477,11478,images/71/11478.png,71,58,train
11520,11521,images/71/11521.png,71,58,train
11492,11493,images/71/11493.png,71,58,train
11562,11563,images/72/11563.png,72,59,train
11550,11551,images/72/11551.png,72,59,train
11545,11546,images/72/11546.png,72,59,train
11563,11564,images/72/11564.png,72,59,train
11541,11542,images/72/11542.png,72,59,train
11576,11577,images/72/11577.png,72,59,train
11556,11557,images/72/11557.png,72,59,train
11566,11567,images/72/11567.png,72,59,train
11567,11568,images/72/11568.png,72,59,train
11543,11544,images/72/11544.png,72,59,train
11564,11565,images/72/11565.png,72,59,train
11549,11550,images/72/11550.png,72,59,train
11554,11555,images/72/11555.png,72,59,train
11546,11547,images/72/11547.png,72,59,train
11552,11553,images/72/11553.png,72,59,train
11570,11571,images/72/11571.png,72,59,train
11553,11554,images/72/11554.png,72,59,train
11573,11574,images/72/11574.png,72,59,train
11572,11573,images/72/11573.png,72,59,train
11537,11538,images/72/11538.png,72,59,train
11561,11562,images/72/11562.png,72,59,train
11542,11543,images/72/11543.png,72,59,train
11548,11549,images/72/11549.png,72,59,train
11577,11578,images/72/11578.png,72,59,train
11538,11539,images/72/11539.png,72,59,train
11714,11715,images/73/11715.png,73,60,train
11694,11695,images/73/11695.png,73,60,train
11710,11711,images/73/11711.png,73,60,train
11634,11635,images/73/11635.png,73,60,train
11674,11675,images/73/11675.png,73,60,train
11608,11609,images/73/11609.png,73,60,train
11736,11737,images/73/11737.png,73,60,train
11630,11631,images/73/11631.png,73,60,train
11680,11681,images/73/11681.png,73,60,train
11724,11725,images/73/11725.png,73,60,train
11598,11599,images/73/11599.png,73,60,train
11664,11665,images/73/11665.png,73,60,train
11594,11595,images/73/11595.png,73,60,train
11645,11646,images/73/11646.png,73,60,train
11603,11604,images/73/11604.png,73,60,train
11609,11610,images/73/11610.png,73,60,train
11711,11712,images/73/11712.png,73,60,train
11684,11685,images/73/11685.png,73,60,train
11731,11732,images/73/11732.png,73,60,train
11595,11596,images/73/11596.png,73,60,train
11654,11655,images/73/11655.png,73,60,train
11597,11598,images/73/11598.png,73,60,train
11591,11592,images/73/11592.png,73,60,train
11588,11589,images/73/11589.png,73,60,train
11610,11611,images/73/11611.png,73,60,train
11824,11825,images/74/11825.png,74,61,train
11885,11886,images/74/11886.png,74,61,train
11774,11775,images/74/11775.png,74,61,train
11772,11773,images/74/11773.png,74,61,train
11861,11862,images/74/11862.png,74,61,train
11803,11804,images/74/11804.png,74,61,train
11836,11837,images/74/11837.png,74,61,train
11890,11891,images/74/11891.png,74,61,train
11896,11897,images/74/11897.png,74,61,train
11811,11812,images/74/11812.png,74,61,train
11785,11786,images/74/11786.png,74,61,train
11881,11882,images/74/11882.png,74,61,train
11821,11822,images/74/11822.png,74,61,train
11818,11819,images/74/11819.png,74,61,train
11758,11759,images/74/11759.png,74,61,train
11762,11763,images/74/11763.png,74,61,train
11773,11774,images/74/11774.png,74,61,train
11833,11834,images/74/11834.png,74,61,train
11860,11861,images/74/11861.png,74,61,train
11880,11881,images/74/11881.png,74,61,train
11761,11762,images/74/11762.png,74,61,train
11755,11756,images/74/11756.png,74,61,train
11752,11753,images/74/11753.png,74,61,train
11767,11768,images/74/11768.png,74,61,train
11812,11813,images/74/11813.png,74,61,train
11931,11932,images/75/11932.png,75,62,train
11934,11935,images/75/11935.png,75,62,train
11902,11903,images/75/11903.png,75,62,train
11911,11912,images/75/11912.png,75,62,train
11928,11929,images/75/11929.png,75,62,train
11924,11925,images/75/11925.png,75,62,train
11904,11905,images/75/11905.png,75,62,train
11925,11926,images/75/11926.png,75,62,train
11922,11923,images/75/11923.png,75,62,train
11913,11914,images/75/11914.png,75,62,train
11915,11916,images/75/11916.png,75,62,train
11906,11907,images/75/11907.png,75,62,train
11914,11915,images/75/11915.png,75,62,train
11910,11911,images/75/11911.png,75,62,train
11917,11918,images/75/11918.png,75,62,train
11907,11908,images/75/11908.png,75,62,train
11930,11931,images/75/11931.png,75,62,train
11898,11899,images/75/11899.png,75,62,train
11923,11924,images/75/11924.png,75,62,train
11903,11904,images/75/11904.png,75,62,train
11909,11910,images/75/11910.png,75,62,train
11899,11900,images/75/11900.png,75,62,train
11935,11936,images/75/11936.png,75,62,train
11919,11920,images/75/11920.png,75,62,train
11900,11901,images/75/11901.png,75,62,train
12127,12128,images/76/12128.png,76,63,train
11943,11944,images/76/11944.png,76,63,train
12016,12017,images/76/12017.png,76,63,train
12142,12143,images/76/12143.png,76,63,train
12054,12055,images/76/12055.png,76,63,train
12122,12123,images/76/12123.png,76,63,train
12138,12139,images/76/12139.png,76,63,train
12104,12105,images/76/12105.png,76,63,train
11946,11947,images/76/11947.png,76,63,train
11967,11968,images/76/11968.png,76,63,train
12117,12118,images/76/12118.png,76,63,train
12157,12158,images/76/12158.png,76,63,train
12165,12166,images/76/12166.png,76,63,train
12153,12154,images/76/12154.png,76,63,train
12073,12074,images/76/12074.png,76,63,train
12005,12006,images/76/12006.png,76,63,train
12135,12136,images/76/12136.png,76,63,train
11952,11953,images/76/11953.png,76,63,train
12033,12034,images/76/12034.png,76,63,train
11961,11962,images/76/11962.png,76,63,train
12170,12171,images/76/12171.png,76,63,train
11956,11957,images/76/11957.png,76,63,train
12057,12058,images/76/12058.png,76,63,train
12089,12090,images/76/12090.png,76,63,train
11970,11971,images/76/11971.png,76,63,train
12208,12209,images/77/12209.png,77,64,train
12204,12205,images/77/12205.png,77,64,train
12195,12196,images/77/12196.png,77,64,train
12220,12221,images/77/12221.png,77,64,train
12226,12227,images/77/12227.png,77,64,train
12216,12217,images/77/12217.png,77,64,train
12197,12198,images/77/12198.png,77,64,train
12217,12218,images/77/12218.png,77,64,train
12215,12216,images/77/12216.png,77,64,train
12207,12208,images/77/12208.png,77,64,train
12199,12200,images/77/12200.png,77,64,train
12206,12207,images/77/12207.png,77,64,train
12203,12204,images/77/12204.png,77,64,train
12223,12224,images/77/12224.png,77,64,train
12200,12201,images/77/12201.png,77,64,train
12210,12211,images/77/12211.png,77,64,train
12191,12192,images/77/12192.png,77,64,train
12222,12223,images/77/12223.png,77,64,train
12196,12197,images/77/12197.png,77,64,train
12202,12203,images/77/12203.png,77,64,train
12192,12193,images/77/12193.png,77,64,train
12218,12219,images/77/12219.png,77,64,train
12212,12213,images/77/12213.png,77,64,train
12193,12194,images/77/12194.png,77,64,train
12227,12228,images/77/12228.png,77,64,train
12318,12319,images/79/12319.png,79,65,train
12263,12264,images/79/12264.png,79,65,train
12362,12363,images/79/12363.png,79,65,train
12323,12324,images/79/12324.png,79,65,train
12321,12322,images/79/12322.png,79,65,train
12276,12277,images/79/12277.png,79,65,train
12309,12310,images/79/12310.png,79,65,train
12385,12386,images/79/12386.png,79,65,train
12313,12314,images/79/12314.png,79,65,train
12327,12328,images/79/12328.png,79,65,train
12354,12355,images/79/12355.png,79,65,train
12257,12258,images/79/12258.png,79,65,train
12281,12282,images/79/12282.png,79,65,train
12254,12255,images/79/12255.png,79,65,train
12264,12265,images/79/12265.png,79,65,train
12301,12302,images/79/12302.png,79,65,train
12381,12382,images/79/12382.png,79,65,train
12314,12315,images/79/12315.png,79,65,train
12300,12301,images/79/12301.png,79,65,train
12376,12377,images/79/12377.png,79,65,train
12274,12275,images/79/12275.png,79,65,train
12368,12369,images/79/12369.png,79,65,train
12271,12272,images/79/12272.png,79,65,train
12372,12373,images/79/12373.png,79,65,train
12373,12374,images/79/12374.png,79,65,train
12470,12471,images/81/12471.png,81,66,train
12503,12504,images/81/12504.png,81,66,train
12418,12419,images/81/12419.png,81,66,train
12459,12460,images/81/12460.png,81,66,train
12440,12441,images/81/12441.png,81,66,train
12530,12531,images/81/12531.png,81,66,train
12483,12484,images/81/12484.png,81,66,train
12424,12425,images/81/12425.png,81,66,train
12504,12505,images/81/12505.png,81,66,train
12487,12488,images/81/12488.png,81,66,train
12432,12433,images/81/12433.png,81,66,train
12525,12526,images/81/12526.png,81,66,train
12425,12426,images/81/12426.png,81,66,train
12510,12511,images/81/12511.png,81,66,train
12456,12457,images/81/12457.png,81,66,train
12445,12446,images/81/12446.png,81,66,train
12502,12503,images/81/12503.png,81,66,train
12414,12415,images/81/12415.png,81,66,train
12511,12512,images/81/12512.png,81,66,train
12523,12524,images/81/12524.png,81,66,train
12478,12479,images/81/12479.png,81,66,train
12454,12455,images/81/12455.png,81,66,train
12509,12510,images/81/12510.png,81,66,train
12467,12468,images/81/12468.png,81,66,train
12458,12459,images/81/12459.png,81,66,train
12590,12591,images/83/12591.png,83,67,train
12593,12594,images/83/12594.png,83,67,train
12550,12551,images/83/12551.png,83,67,train
12601,12602,images/83/12602.png,83,67,train
12572,12573,images/83/12573.png,83,67,train
12610,12611,images/83/12611.png,83,67,train
12619,12620,images/83/12620.png,83,67,train
12556,12557,images/83/12557.png,83,67,train
12586,12587,images/83/12587.png,83,67,train
12653,12654,images/83/12654.png,83,67,train
12564,12565,images/83/12565.png,83,67,train
12608,12609,images/83/12609.png,83,67,train
12557,12558,images/83/12558.png,83,67,train
12582,12583,images/83/12583.png,83,67,train
12635,12636,images/83/12636.png,83,67,train
12637,12638,images/83/12638.png,83,67,train
12655,12656,images/83/12656.png,83,67,train
12546,12547,images/83/12547.png,83,67,train
12634,12635,images/83/12635.png,83,67,train
12650,12651,images/83/12651.png,83,67,train
12611,12612,images/83/12612.png,83,67,train
12591,12592,images/83/12592.png,83,67,train
12577,12578,images/83/12578.png,83,67,train
12616,12617,images/83/12617.png,83,67,train
12588,12589,images/83/12589.png,83,67,train
12841,12842,images/84/12842.png,84,68,train
12846,12847,images/84/12847.png,84,68,train
12777,12778,images/84/12778.png,84,68,train
12731,12732,images/84/12732.png,84,68,train
12767,12768,images/84/12768.png,84,68,train
12681,12682,images/84/12682.png,84,68,train
12675,12676,images/84/12676.png,84,68,train
12682,12683,images/84/12683.png,84,68,train
12807,12808,images/84/12808.png,84,68,train
12790,12791,images/84/12791.png,84,68,train
12775,12776,images/84/12776.png,84,68,train
12761,12762,images/84/12762.png,84,68,train
12684,12685,images/84/12685.png,84,68,train
12830,12831,images/84/12831.png,84,68,train
12751,12752,images/84/12752.png,84,68,train
12786,12787,images/84/12787.png,84,68,train
12770,12771,images/84/12771.png,84,68,train
12732,12733,images/84/12733.png,84,68,train
12722,12723,images/84/12723.png,84,68,train
12708,12709,images/84/12709.png,84,68,train
12696,12697,images/84/12697.png,84,68,train
12690,12691,images/84/12691.png,84,68,train
12821,12822,images/84/12822.png,84,68,train
12763,12764,images/84/12764.png,84,68,train
12734,12735,images/84/12735.png,84,68,train
13144,13145,images/85/13145.png,85,69,train
12865,12866,images/85/12866.png,85,69,train
12913,12914,images/85/12914.png,85,69,train
12916,12917,images/85/12917.png,85,69,train
12881,12882,images/85/12882.png,85,69,train
12919,12920,images/85/12920.png,85,69,train
12948,12949,images/85/12949.png,85,69,train
13040,13041,images/85/13041.png,85,69,train
13100,13101,images/85/13101.png,85,69,train
12902,12903,images/85/12903.png,85,69,train
12931,12932,images/85/12932.png,85,69,train
13019,13020,images/85/13020.png,85,69,train
13150,13151,images/85/13151.png,85,69,train
13161,13162,images/85/13162.png,85,69,train
13140,13141,images/85/13141.png,85,69,train
13145,13146,images/85/13146.png,85,69,train
12861,12862,images/85/12862.png,85,69,train
13011,13012,images/85/13012.png,85,69,train
13020,13021,images/85/13021.png,85,69,train
13024,13025,images/85/13025.png,85,69,train
12929,12930,images/85/12930.png,85,69,train
12960,12961,images/85/12961.png,85,69,train
12993,12994,images/85/12994.png,85,69,train
13062,13063,images/85/13063.png,85,69,train
12932,12933,images/85/12933.png,85,69,train
13454,13455,images/86/13455.png,86,70,train
13173,13174,images/86/13174.png,86,70,train
13221,13222,images/86/13222.png,86,70,train
13224,13225,images/86/13225.png,86,70,train
13189,13190,images/86/13190.png,86,70,train
13227,13228,images/86/13228.png,86,70,train
13256,13257,images/86/13257.png,86,70,train
13348,13349,images/86/13349.png,86,70,train
13408,13409,images/86/13409.png,86,70,train
13210,13211,images/86/13211.png,86,70,train
13239,13240,images/86/13240.png,86,70,train
13327,13328,images/86/13328.png,86,70,train
13461,13462,images/86/13462.png,86,70,train
13472,13473,images/86/13473.png,86,70,train
13450,13451,images/86/13451.png,86,70,train
13455,13456,images/86/13456.png,86,70,train
13169,13170,images/86/13170.png,86,70,train
13319,13320,images/86/13320.png,86,70,train
13328,13329,images/86/13329.png,86,70,train
13332,13333,images/86/13333.png,86,70,train
13237,13238,images/86/13238.png,86,70,train
13268,13269,images/86/13269.png,86,70,train
13301,13302,images/86/13302.png,86,70,train
13370,13371,images/86/13371.png,86,70,train
13240,13241,images/86/13241.png,86,70,train
13479,13480,images/87/13480.png,87,71,train
13538,13539,images/87/13539.png,87,71,train
13493,13494,images/87/13494.png,87,71,train
13475,13476,images/87/13476.png,87,71,train
13503,13504,images/87/13504.png,87,71,train
13547,13548,images/87/13548.png,87,71,train
13485,13486,images/87/13486.png,87,71,train
13509,13510,images/87/13510.png,87,71,train
13487,13488,images/87/13488.png,87,71,train
13530,13531,images/87/13531.png,87,71,train
13540,13541,images/87/13541.png,87,71,train
13506,13507,images/87/13507.png,87,71,train
13484,13485,images/87/13485.png,87,71,train
13520,13521,images/87/13521.png,87,71,train
13480,13481,images/87/13481.png,87,71,train
13497,13498,images/87/13498.png,87,71,train
13532,13533,images/87/13533.png,87,71,train
13525,13526,images/87/13526.png,87,71,train
13508,13509,images/87/13509.png,87,71,train
13514,13515,images/87/13515.png,87,71,train
13545,13546,images/87/13546.png,87,71,train
13491,13492,images/87/13492.png,87,71,train
13510,13511,images/87/13511.png,87,71,train
13519,13520,images/87/13520.png,87,71,train
13536,13537,images/87/13537.png,87,71,train
13621,13622,images/88/13622.png,88,72,train
13825,13826,images/88/13826.png,88,72,train
13573,13574,images/88/13574.png,88,72,train
13804,13805,images/88/13805.png,88,72,train
13557,13558,images/88/13558.png,88,72,train
13649,13650,images/88/13650.png,88,72,train
13724,13725,images/88/13725.png,88,72,train
13734,13735,images/88/13735.png,88,72,train
13611,13612,images/88/13612.png,88,72,train
13664,13665,images/88/13665.png,88,72,train
13788,13789,images/88/13789.png,88,72,train
13623,13624,images/88/13624.png,88,72,train
13712,13713,images/88/13713.png,88,72,train
13721,13722,images/88/13722.png,88,72,train
13758,13759,images/88/13759.png,88,72,train
13632,13633,images/88/13633.png,88,72,train
13733,13734,images/88/13734.png,88,72,train
13680,13681,images/88/13681.png,88,72,train
13861,13862,images/88/13862.png,88,72,train
13785,13786,images/88/13786.png,88,72,train
13750,13751,images/88/13751.png,88,72,train
13725,13726,images/88/13726.png,88,72,train
13745,13746,images/88/13746.png,88,72,train
13656,13657,images/88/13657.png,88,72,train
13590,13591,images/88/13591.png,88,72,train
13928,13929,images/89/13929.png,89,73,train
13906,13907,images/89/13907.png,89,73,train
13959,13960,images/89/13960.png,89,73,train
13884,13885,images/89/13885.png,89,73,train
13947,13948,images/89/13948.png,89,73,train
13949,13950,images/89/13950.png,89,73,train
13930,13931,images/89/13931.png,89,73,train
13908,13909,images/89/13909.png,89,73,train
13876,13877,images/89/13877.png,89,73,train
13866,13867,images/89/13867.png,89,73,train
13897,13898,images/89/13898.png,89,73,train
13941,13942,images/89/13942.png,89,73,train
13913,13914,images/89/13914.png,89,73,train
13892,13893,images/89/13893.png,89,73,train
13910,13911,images/89/13911.png,89,73,train
13870,13871,images/89/13871.png,89,73,train
13888,13889,images/89/13889.png,89,73,train
13878,13879,images/89/13879.png,89,73,train
13955,13956,images/89/13956.png,89,73,train
13939,13940,images/89/13940.png,89,73,train
13915,13916,images/89/13916.png,89,73,train
13936,13937,images/89/13937.png,89,73,train
13934,13935,images/89/13935.png,89,73,train
13881,13882,images/89/13882.png,89,73,train
13905,13906,images/89/13906.png,89,73,train
14038,14039,images/90/14039.png,90,74,train
13963,13964,images/90/13964.png,90,74,train
14033,14034,images/90/14034.png,90,74,train
13985,13986,images/90/13986.png,90,74,train
13975,13976,images/90/13976.png,90,74,train
14019,14020,images/90/14020.png,90,74,train
13973,13974,images/90/13974.png,90,74,train
13981,13982,images/90/13982.png,90,74,train
13967,13968,images/90/13968.png,90,74,train
14030,14031,images/90/14031.png,90,74,train
14024,14025,images/90/14025.png,90,74,train
14027,14028,images/90/14028.png,90,74,train
14016,14017,images/90/14017.png,90,74,train
14036,14037,images/90/14037.png,90,74,train
14025,14026,images/90/14026.png,90,74,train
14029,14030,images/90/14030.png,90,74,train
13996,13997,images/90/13997.png,90,74,train
14041,14042,images/90/14042.png,90,74,train
14017,14018,images/90/14018.png,90,74,train
14035,14036,images/90/14036.png,90,74,train
13974,13975,images/90/13975.png,90,74,train
13993,13994,images/90/13994.png,90,74,train
14003,14004,images/90/14004.png,90,74,train
13991,13992,images/90/13992.png,90,74,train
13972,13973,images/90/13973.png,90,74,train
14108,14109,images/92/14109.png,92,75,train
14105,14106,images/92/14106.png,92,75,train
14111,14112,images/92/14112.png,92,75,train
14077,14078,images/92/14078.png,92,75,train
14089,14090,images/92/14090.png,92,75,train
14096,14097,images/92/14097.png,92,75,train
14082,14083,images/92/14083.png,92,75,train
14097,14098,images/92/14098.png,92,75,train
14068,14069,images/92/14069.png,92,75,train
14095,14096,images/92/14096.png,92,75,train
14078,14079,images/92/14079.png,92,75,train
14073,14074,images/92/14074.png,92,75,train
14114,14115,images/92/14115.png,92,75,train
14071,14072,images/92/14072.png,92,75,train
14112,14113,images/92/14113.png,92,75,train
14069,14070,images/92/14070.png,92,75,train
14101,14102,images/92/14102.png,92,75,train
14098,14099,images/92/14099.png,92,75,train
14084,14085,images/92/14085.png,92,75,train
14113,14114,images/92/14114.png,92,75,train
14080,14081,images/92/14081.png,92,75,train
14074,14075,images/92/14075.png,92,75,train
14081,14082,images/92/14082.png,92,75,train
14091,14092,images/92/14092.png,92,75,train
14109,14110,images/92/14110.png,92,75,train
14178,14179,images/93/14179.png,93,76,train
14156,14157,images/93/14157.png,93,76,train
14210,14211,images/93/14211.png,93,76,train
14134,14135,images/93/14135.png,93,76,train
14197,14198,images/93/14198.png,93,76,train
14199,14200,images/93/14200.png,93,76,train
14180,14181,images/93/14181.png,93,76,train
14158,14159,images/93/14159.png,93,76,train
14126,14127,images/93/14127.png,93,76,train
14116,14117,images/93/14117.png,93,76,train
14147,14148,images/93/14148.png,93,76,train
14191,14192,images/93/14192.png,93,76,train
14163,14164,images/93/14164.png,93,76,train
14142,14143,images/93/14143.png,93,76,train
14160,14161,images/93/14161.png,93,76,train
14120,14121,images/93/14121.png,93,76,train
14138,14139,images/93/14139.png,93,76,train
14128,14129,images/93/14129.png,93,76,train
14206,14207,images/93/14207.png,93,76,train
14189,14190,images/93/14190.png,93,76,train
14165,14166,images/93/14166.png,93,76,train
14186,14187,images/93/14187.png,93,76,train
14184,14185,images/93/14185.png,93,76,train
14131,14132,images/93/14132.png,93,76,train
14155,14156,images/93/14156.png,93,76,train
14239,14240,images/94/14240.png,94,77,train
14227,14228,images/94/14228.png,94,77,train
14222,14223,images/94/14223.png,94,77,train
14240,14241,images/94/14241.png,94,77,train
14218,14219,images/94/14219.png,94,77,train
14253,14254,images/94/14254.png,94,77,train
14233,14234,images/94/14234.png,94,77,train
14243,14244,images/94/14244.png,94,77,train
14244,14245,images/94/14245.png,94,77,train
14220,14221,images/94/14221.png,94,77,train
14241,14242,images/94/14242.png,94,77,train
14226,14227,images/94/14227.png,94,77,train
14231,14232,images/94/14232.png,94,77,train
14223,14224,images/94/14224.png,94,77,train
14229,14230,images/94/14230.png,94,77,train
14247,14248,images/94/14248.png,94,77,train
14230,14231,images/94/14231.png,94,77,train
14250,14251,images/94/14251.png,94,77,train
14249,14250,images/94/14250.png,94,77,train
14214,14215,images/94/14215.png,94,77,train
14238,14239,images/94/14239.png,94,77,train
14219,14220,images/94/14220.png,94,77,train
14225,14226,images/94/14226.png,94,77,train
14254,14255,images/94/14255.png,94,77,train
14215,14216,images/94/14216.png,94,77,train
14256,14257,images/95/14257.png,95,78,train
14261,14262,images/95/14262.png,95,78,train
14290,14291,images/95/14291.png,95,78,train
14269,14270,images/95/14270.png,95,78,train
14301,14302,images/95/14302.png,95,78,train
14309,14310,images/95/14310.png,95,78,train
14313,14314,images/95/14314.png,95,78,train
14281,14282,images/95/14282.png,95,78,train
14303,14304,images/95/14304.png,95,78,train
14268,14269,images/95/14269.png,95,78,train
14305,14306,images/95/14306.png,95,78,train
14259,14260,images/95/14260.png,95,78,train
14292,14293,images/95/14293.png,95,78,train
14287,14288,images/95/14288.png,95,78,train
14264,14265,images/95/14265.png,95,78,train
14273,14274,images/95/14274.png,95,78,train
14262,14263,images/95/14263.png,95,78,train
14260,14261,images/95/14261.png,95,78,train
14310,14311,images/95/14311.png,95,78,train
14275,14276,images/95/14276.png,95,78,train
14286,14287,images/95/14287.png,95,78,train
14306,14307,images/95/14307.png,95,78,train
14300,14301,images/95/14301.png,95,78,train
14311,14312,images/95/14312.png,95,78,train
14271,14272,images/95/14272.png,95,78,train
14334,14335,images/96/14335.png,96,79,train
14364,14365,images/96/14365.png,96,79,train
14363,14364,images/96/14364.png,96,79,train
14327,14328,images/96/14328.png,96,79,train
14359,14360,images/96/14360.png,96,79,train
14320,14321,images/96/14321.png,96,79,train
14332,14333,images/96/14333.png,96,79,train
14367,14368,images/96/14368.png,96,79,train
14318,14319,images/96/14319.png,96,79,train
14347,14348,images/96/14348.png,96,79,train
14328,14329,images/96/14329.png,96,79,train
14323,14324,images/96/14324.png,96,79,train
14341,14342,images/96/14342.png,96,79,train
14321,14322,images/96/14322.png,96,79,train
14349,14350,images/96/14350.png,96,79,train
14319,14320,images/96/14320.png,96,79,train
14352,14353,images/96/14353.png,96,79,train
14339,14340,images/96/14340.png,96,79,train
14360,14361,images/96/14361.png,96,79,train
14348,14349,images/96/14349.png,96,79,train
14365,14366,images/96/14366.png,96,79,train
14330,14331,images/96/14331.png,96,79,train
14324,14325,images/96/14325.png,96,79,train
14331,14332,images/96/14332.png,96,79,train
14345,14346,images/96/14346.png,96,79,train
14393,14394,images/97/14394.png,97,80,train
14375,14376,images/97/14376.png,97,80,train
14591,14592,images/97/14592.png,97,80,train
14577,14578,images/97/14578.png,97,80,train
14605,14606,images/97/14606.png,97,80,train
14542,14543,images/97/14543.png,97,80,train
14566,14567,images/97/14567.png,97,80,train
14589,14590,images/97/14590.png,97,80,train
14378,14379,images/97/14379.png,97,80,train
14482,14483,images/97/14483.png,97,80,train
14414,14415,images/97/14415.png,97,80,train
14576,14577,images/97/14577.png,97,80,train
14594,14595,images/97/14595.png,97,80,train
14578,14579,images/97/14579.png,97,80,train
14451,14452,images/97/14452.png,97,80,train
14513,14514,images/97/14514.png,97,80,train
14555,14556,images/97/14556.png,97,80,train
14384,14385,images/97/14385.png,97,80,train
14435,14436,images/97/14436.png,97,80,train
14496,14497,images/97/14497.png,97,80,train
14402,14403,images/97/14403.png,97,80,train
14388,14389,images/97/14389.png,97,80,train
14477,14478,images/97/14478.png,97,80,train
14399,14400,images/97/14400.png,97,80,train
14552,14553,images/97/14553.png,97,80,train
14629,14630,images/98/14630.png,98,81,train
14626,14627,images/98/14627.png,98,81,train
14625,14626,images/98/14626.png,98,81,train
14636,14637,images/98/14637.png,98,81,train
14614,14615,images/98/14615.png,98,81,train
14622,14623,images/98/14623.png,98,81,train
14647,14648,images/98/14648.png,98,81,train
14637,14638,images/98/14638.png,98,81,train
14649,14650,images/98/14650.png,98,81,train
14616,14617,images/98/14617.png,98,81,train
14635,14636,images/98/14636.png,98,81,train
14619,14620,images/98/14620.png,98,81,train
14623,14624,images/98/14624.png,98,81,train
14641,14642,images/98/14642.png,98,81,train
14644,14645,images/98/14645.png,98,81,train
14618,14619,images/98/14619.png,98,81,train
14627,14628,images/98/14628.png,98,81,train
14634,14635,images/98/14635.png,98,81,train
14610,14611,images/98/14611.png,98,81,train
14643,14644,images/98/14644.png,98,81,train
14615,14616,images/98/14616.png,98,81,train
14621,14622,images/98/14622.png,98,81,train
14611,14612,images/98/14612.png,98,81,train
14639,14640,images/98/14640.png,98,81,train
14631,14632,images/98/14632.png,98,81,train
14685,14686,images/99/14686.png,99,82,train
14663,14664,images/99/14664.png,99,82,train
14676,14677,images/99/14677.png,99,82,train
14680,14681,images/99/14681.png,99,82,train
14666,14667,images/99/14667.png,99,82,train
14681,14682,images/99/14682.png,99,82,train
14671,14672,images/99/14672.png,99,82,train
14662,14663,images/99/14663.png,99,82,train
14658,14659,images/99/14659.png,99,82,train
14667,14668,images/99/14668.png,99,82,train
14659,14660,images/99/14660.png,99,82,train
14684,14685,images/99/14685.png,99,82,train
14650,14651,images/99/14651.png,99,82,train
14654,14655,images/99/14655.png,99,82,train
14679,14680,images/99/14680.png,99,82,train
14665,14666,images/99/14666.png,99,82,train
14669,14670,images/99/14670.png,99,82,train
14655,14656,images/99/14656.png,99,82,train
14661,14662,images/99/14662.png,99,82,train
14651,14652,images/99/14652.png,99,82,train
14674,14675,images/99/14675.png,99,82,train
14652,14653,images/99/14653.png,99,82,train
14683,14684,images/99/14684.png,99,82,train
14653,14654,images/99/14654.png,99,82,train
14682,14683,images/99/14683.png,99,82,train
